route,family,proposedAction,implemented,reason,mergeTarget,hiddenReferences,beforeStatus,beforeInlinks,afterIndexWanted,linkEquityEvidence
/categories,resources,KEEP,URL retained,"Distinct format explanation, working template/workflow or useful navigation; monitor indexing and qualified usage.",,[],200,451,True,No URL-level backlink or GSC performance export supplied
/categories/data-conversion-tools,category,IMPROVE,URL retained,Preserve URL; add exact output examples and contextual links; verify independent informational intent against GSC queries.,,[],200,2,True,No URL-level backlink or GSC performance export supplied
/categories/document-conversion-tools,category,IMPROVE,URL retained,Preserve URL; add exact output examples and contextual links; verify independent informational intent against GSC queries.,,[],200,2,True,No URL-level backlink or GSC performance export supplied
/categories/jpg-to-pdf-tools,category,IMPROVE,URL retained,Preserve URL; add exact output examples and contextual links; verify independent informational intent against GSC queries.,,[],200,451,True,No URL-level backlink or GSC performance export supplied
/categories/merge-pdf-tools,category,IMPROVE,URL retained,Preserve URL; add exact output examples and contextual links; verify independent informational intent against GSC queries.,,[],200,451,True,No URL-level backlink or GSC performance export supplied
/categories/optimize,category,IMPROVE,URL retained,Preserve URL; add exact output examples and contextual links; verify independent informational intent against GSC queries.,,[],200,451,True,No URL-level backlink or GSC performance export supplied
/categories/pdf-editing-tools,category,IMPROVE,URL retained,Preserve URL; add exact output examples and contextual links; verify independent informational intent against GSC queries.,,[],200,2,True,No URL-level backlink or GSC performance export supplied
/categories/pdf-to-jpg-tools,category,IMPROVE,URL retained,Preserve URL; add exact output examples and contextual links; verify independent informational intent against GSC queries.,,[],200,451,True,No URL-level backlink or GSC performance export supplied
/categories/split-pdf-tools,category,IMPROVE,URL retained,Preserve URL; add exact output examples and contextual links; verify independent informational intent against GSC queries.,,[],200,451,True,No URL-level backlink or GSC performance export supplied
/checklists/heic-photo-conversion-checklist,checklist,NOINDEX,"noindex,follow; removed from sitemap",The documented task depends on currently non-public tools. Keep content accessible; noindex until a working public task and content review are restored. Source audit: docs/pseo/indexation/2026-09-29/baseline/content-entities.json.,,"[""heic-to-jpg"", ""heic-to-png""]",200,1,False,No URL-level backlink or GSC performance export supplied
/checklists/pdf-compression-checklist,checklist,KEEP,URL retained,"Distinct format explanation, working template/workflow or useful navigation; monitor indexing and qualified usage.",,[],200,1,True,No URL-level backlink or GSC performance export supplied
/compare/base64-encode-vs-base64-decode,comparison,NOINDEX,"noindex,follow; removed from sitemap",The documented task depends on currently non-public tools. Keep content accessible; noindex until a working public task and content review are restored. Source audit: docs/pseo/indexation/2026-09-29/baseline/content-entities.json.,,"[""base64-encode"", ""base64-decode""]",200,1,False,No URL-level backlink or GSC performance export supplied
/compare/compress-pdf-vs-split-pdf,comparison,KEEP,URL retained,"Distinct format explanation, working template/workflow or useful navigation; monitor indexing and qualified usage.",,[],200,2,True,No URL-level backlink or GSC performance export supplied
/compare/csv-cleaner-vs-duplicate-row-remover,comparison,NOINDEX,"noindex,follow; removed from sitemap",The documented task depends on currently non-public tools. Keep content accessible; noindex until a working public task and content review are restored. Source audit: docs/pseo/indexation/2026-09-29/baseline/content-entities.json.,,"[""csv-cleaner"", ""duplicate-row-remover""]",200,1,False,No URL-level backlink or GSC performance export supplied
/compare/csv-to-xml-vs-excel-to-xml,comparison,REVIEW,URL retained,Mixed public/hidden tool references; verify useful independent explanation and replace unsupported instructions.,,"[""csv-to-xml""]",200,2,True,No URL-level backlink or GSC performance export supplied
/compare/heic-to-jpg-vs-heic-to-png,comparison,NOINDEX,"noindex,follow; removed from sitemap",The documented task depends on currently non-public tools. Keep content accessible; noindex until a working public task and content review are restored. Source audit: docs/pseo/indexation/2026-09-29/baseline/content-entities.json.,,"[""heic-to-jpg"", ""heic-to-png""]",200,1,False,No URL-level backlink or GSC performance export supplied
/compare/jpg-to-pdf-vs-merge-pdf,comparison,KEEP,URL retained,"Distinct format explanation, working template/workflow or useful navigation; monitor indexing and qualified usage.",,[],200,2,True,No URL-level backlink or GSC performance export supplied
/compare/json-formatter-vs-json-minifier,comparison,NOINDEX,"noindex,follow; removed from sitemap",The documented task depends on currently non-public tools. Keep content accessible; noindex until a working public task and content review are restored. Source audit: docs/pseo/indexation/2026-09-29/baseline/content-entities.json.,,"[""json-formatter"", ""json-minifier"", ""json-validator""]",200,1,False,No URL-level backlink or GSC performance export supplied
/compare/json-vs-csv,comparison,REVIEW,URL retained,Mixed public/hidden tool references; verify useful independent explanation and replace unsupported instructions.,,"[""json-to-csv"", ""csv-to-json""]",200,1,True,No URL-level backlink or GSC performance export supplied
/compare/markdown-to-html-vs-html-to-markdown,comparison,NOINDEX,"noindex,follow; removed from sitemap",The documented task depends on currently non-public tools. Keep content accessible; noindex until a working public task and content review are restored. Source audit: docs/pseo/indexation/2026-09-29/baseline/content-entities.json.,,"[""markdown-to-html"", ""html-to-markdown""]",200,1,False,No URL-level backlink or GSC performance export supplied
/compare/merge-pdf-vs-combine-pdf,comparison,MERGE,URL retained,Merge and combine are one core task. Fold synonym explanation into core help after checking URL-level clicks and referring links.,/merge-pdf,[],200,1,True,No URL-level backlink or GSC performance export supplied
/compare/ocr-pdf-vs-ocr-image,comparison,REVIEW,URL retained,Mixed public/hidden tool references; verify useful independent explanation and replace unsupported instructions.,,"[""ocr-image""]",200,1,True,No URL-level backlink or GSC performance export supplied
/compare/pdf-to-jpg-vs-jpg-to-pdf,comparison,KEEP,URL retained,"Distinct format explanation, working template/workflow or useful navigation; monitor indexing and qualified usage.",,[],200,2,True,No URL-level backlink or GSC performance export supplied
/compare/pdf-to-word-vs-word-to-pdf,comparison,KEEP,URL retained,"Distinct format explanation, working template/workflow or useful navigation; monitor indexing and qualified usage.",,[],200,1,True,No URL-level backlink or GSC performance export supplied
/compare/split-pdf-vs-merge-pdf,comparison,KEEP,URL retained,"Distinct format explanation, working template/workflow or useful navigation; monitor indexing and qualified usage.",,[],200,2,True,No URL-level backlink or GSC performance export supplied
/glossary/vector-vs-raster-images,learning-resource,KEEP,URL retained,"Distinct format explanation, working template/workflow or useful navigation; monitor indexing and qualified usage.",,"[""svg-to-pdf"", ""convert-image""]",200,1,True,No URL-level backlink or GSC performance export supplied
/glossary/what-is-a-rasterized-pdf,learning-resource,KEEP,URL retained,"Distinct format explanation, working template/workflow or useful navigation; monitor indexing and qualified usage.",,[],200,1,True,No URL-level backlink or GSC performance export supplied
/glossary/what-is-base64-encoding,learning-resource,KEEP,URL retained,"Distinct format explanation, working template/workflow or useful navigation; monitor indexing and qualified usage.",,"[""base64-encode"", ""base64-decode""]",200,2,True,No URL-level backlink or GSC performance export supplied
/glossary/what-is-dpi,learning-resource,KEEP,URL retained,"Distinct format explanation, working template/workflow or useful navigation; monitor indexing and qualified usage.",,[],200,1,True,No URL-level backlink or GSC performance export supplied
/glossary/what-is-flattening-a-pdf,learning-resource,KEEP,URL retained,"Distinct format explanation, working template/workflow or useful navigation; monitor indexing and qualified usage.",,"[""flatten-pdf""]",200,1,True,No URL-level backlink or GSC performance export supplied
/glossary/what-is-heic,learning-resource,KEEP,URL retained,"Distinct format explanation, working template/workflow or useful navigation; monitor indexing and qualified usage.",,"[""heic-to-jpg"", ""heic-to-png""]",200,4,True,No URL-level backlink or GSC performance export supplied
/glossary/what-is-json,learning-resource,KEEP,URL retained,"Distinct format explanation, working template/workflow or useful navigation; monitor indexing and qualified usage.",,"[""json-to-csv"", ""csv-to-json"", ""json-formatter""]",200,1,True,No URL-level backlink or GSC performance export supplied
/glossary/what-is-ocr,learning-resource,KEEP,URL retained,"Distinct format explanation, working template/workflow or useful navigation; monitor indexing and qualified usage.",,"[""ocr-image""]",200,3,True,No URL-level backlink or GSC performance export supplied
/glossary/what-is-pdf-metadata,learning-resource,KEEP,URL retained,"Distinct format explanation, working template/workflow or useful navigation; monitor indexing and qualified usage.",,"[""pdf-metadata-editor""]",200,1,True,No URL-level backlink or GSC performance export supplied
/glossary/what-is-xml,learning-resource,KEEP,URL retained,"Distinct format explanation, working template/workflow or useful navigation; monitor indexing and qualified usage.",,"[""csv-to-xml"", ""xml-to-csv"", ""xml-to-excel""]",200,2,True,No URL-level backlink or GSC performance export supplied
/glossary/what-is-yaml,learning-resource,KEEP,URL retained,"Distinct format explanation, working template/workflow or useful navigation; monitor indexing and qualified usage.",,"[""yaml-to-json"", ""json-to-yaml""]",200,2,True,No URL-level backlink or GSC performance export supplied
/guides,resources,KEEP,URL retained,"Distinct format explanation, working template/workflow or useful navigation; monitor indexing and qualified usage.",,[],200,475,True,No URL-level backlink or GSC performance export supplied
/guides/does-jpg-to-pdf-resize-my-images,guide,IMPROVE,URL retained,Preserve URL; add exact output examples and contextual links; verify independent informational intent against GSC queries.,,[],200,5,True,No URL-level backlink or GSC performance export supplied
/guides/how-csv-excel-xml-conversion-works,guide,REVIEW,URL retained,Mixed public/hidden tool references; verify useful independent explanation and replace unsupported instructions.,,"[""csv-to-xml"", ""xml-to-csv"", ""xml-to-excel""]",200,4,True,No URL-level backlink or GSC performance export supplied
/guides/how-heic-photo-conversion-works,guide,NOINDEX,"noindex,follow; removed from sitemap",The documented task depends on currently non-public tools. Keep content accessible; noindex until a working public task and content review are restored. Source audit: docs/pseo/indexation/2026-09-29/baseline/content-entities.json.,,"[""heic-to-jpg"", ""heic-to-png""]",200,5,False,No URL-level backlink or GSC performance export supplied
/guides/how-image-watermarking-works,guide,NOINDEX,"noindex,follow; removed from sitemap",The documented task depends on currently non-public tools. Keep content accessible; noindex until a working public task and content review are restored. Source audit: docs/pseo/indexation/2026-09-29/baseline/content-entities.json.,,"[""image-watermark""]",200,3,False,No URL-level backlink or GSC performance export supplied
/guides/how-jpg-to-pdf-conversion-works,guide,IMPROVE,URL retained,Preserve URL; add exact output examples and contextual links; verify independent informational intent against GSC queries.,,[],200,7,True,No URL-level backlink or GSC performance export supplied
/guides/how-json-xml-and-csv-formatting-validation-and-minifying-work,guide,NOINDEX,"noindex,follow; removed from sitemap",The documented task depends on currently non-public tools. Keep content accessible; noindex until a working public task and content review are restored. Source audit: docs/pseo/indexation/2026-09-29/baseline/content-entities.json.,,"[""json-formatter"", ""json-minifier"", ""json-validator"", ""xml-formatter"", ""xml-minifier"", ""xml-validator"", ""csv-formatter"", ""csv-cleaner""]",200,2,False,No URL-level backlink or GSC performance export supplied
/guides/how-pdf-compression-works,guide,IMPROVE,URL retained,Preserve URL; add exact output examples and contextual links; verify independent informational intent against GSC queries.,,[],200,9,True,No URL-level backlink or GSC performance export supplied
/guides/how-pdf-merging-works,guide,IMPROVE,URL retained,Preserve URL; add exact output examples and contextual links; verify independent informational intent against GSC queries.,,[],200,9,True,No URL-level backlink or GSC performance export supplied
/guides/how-pdf-splitting-works,guide,IMPROVE,URL retained,Preserve URL; add exact output examples and contextual links; verify independent informational intent against GSC queries.,,[],200,7,True,No URL-level backlink or GSC performance export supplied
/guides/how-pdf-to-jpg-conversion-works,guide,IMPROVE,URL retained,Preserve URL; add exact output examples and contextual links; verify independent informational intent against GSC queries.,,[],200,7,True,No URL-level backlink or GSC performance export supplied
/guides/how-pdfpilots-data-format-tools-fit-together,guide,NOINDEX,"noindex,follow; removed from sitemap",The documented task depends on currently non-public tools. Keep content accessible; noindex until a working public task and content review are restored. Source audit: docs/pseo/indexation/2026-09-29/baseline/content-entities.json.,,"[""json-to-csv"", ""csv-to-json"", ""csv-to-sql"", ""json-to-excel""]",200,4,False,No URL-level backlink or GSC performance export supplied
/guides/how-text-based-files-convert-to-pdf,guide,NOINDEX,"noindex,follow; removed from sitemap",The documented task depends on currently non-public tools. Keep content accessible; noindex until a working public task and content review are restored. Source audit: docs/pseo/indexation/2026-09-29/baseline/content-entities.json.,,"[""txt-to-pdf"", ""markdown-to-pdf"", ""csv-to-pdf""]",200,2,False,No URL-level backlink or GSC performance export supplied
/guides/how-to-choose-page-ranges-when-splitting-a-pdf,guide,IMPROVE,URL retained,Preserve URL; add exact output examples and contextual links; verify independent informational intent against GSC queries.,,[],200,5,True,No URL-level backlink or GSC performance export supplied
/guides/lossy-vs-lossless-pdf-compression,guide,IMPROVE,URL retained,Preserve URL; add exact output examples and contextual links; verify independent informational intent against GSC queries.,,[],200,3,True,No URL-level backlink or GSC performance export supplied
/guides/merge-multiple-pdfs-without-losing-quality,guide,IMPROVE,URL retained,Preserve URL; add exact output examples and contextual links; verify independent informational intent against GSC queries.,,[],200,4,True,No URL-level backlink or GSC performance export supplied
/guides/understanding-yaml-and-json,guide,REVIEW,URL retained,Mixed public/hidden tool references; verify useful independent explanation and replace unsupported instructions.,,"[""yaml-to-json"", ""json-to-yaml""]",200,2,True,No URL-level backlink or GSC performance export supplied
/guides/what-resolution-are-pdf-to-jpg-images,guide,IMPROVE,URL retained,Preserve URL; add exact output examples and contextual links; verify independent informational intent against GSC queries.,,[],200,5,True,No URL-level backlink or GSC performance export supplied
/help/best-compression-setting-for-email,help,IMPROVE,URL retained,Preserve URL; add exact output examples and contextual links; verify independent informational intent against GSC queries.,,[],200,1,True,No URL-level backlink or GSC performance export supplied
/help/can-i-choose-the-image-quality-for-pdf-to-jpg,help,IMPROVE,URL retained,Preserve URL; add exact output examples and contextual links; verify independent informational intent against GSC queries.,,[],200,1,True,No URL-level backlink or GSC performance export supplied
/help/can-i-reorder-my-images-before-converting-to-pdf,help,IMPROVE,URL retained,Preserve URL; add exact output examples and contextual links; verify independent informational intent against GSC queries.,,[],200,4,True,No URL-level backlink or GSC performance export supplied
/help/how-many-pdfs-can-i-merge-at-once,help,IMPROVE,URL retained,Preserve URL; add exact output examples and contextual links; verify independent informational intent against GSC queries.,,[],200,1,True,No URL-level backlink or GSC performance export supplied
/help/why-are-my-pdf-pages-different-sizes-after-converting-from-jpg,help,IMPROVE,URL retained,Preserve URL; add exact output examples and contextual links; verify independent informational intent against GSC queries.,,[],200,1,True,No URL-level backlink or GSC performance export supplied
/help/why-are-my-pdfs-not-merging,help,IMPROVE,URL retained,Preserve URL; add exact output examples and contextual links; verify independent informational intent against GSC queries.,,[],200,3,True,No URL-level backlink or GSC performance export supplied
/help/why-cant-i-select-text-in-compressed-pdf,help,IMPROVE,URL retained,Preserve URL; add exact output examples and contextual links; verify independent informational intent against GSC queries.,,[],200,2,True,No URL-level backlink or GSC performance export supplied
/help/why-did-i-get-multiple-images-from-one-pdf,help,IMPROVE,URL retained,Preserve URL; add exact output examples and contextual links; verify independent informational intent against GSC queries.,,[],200,3,True,No URL-level backlink or GSC performance export supplied
/help/why-did-splitting-my-pdf-create-multiple-files,help,IMPROVE,URL retained,Preserve URL; add exact output examples and contextual links; verify independent informational intent against GSC queries.,,[],200,3,True,No URL-level backlink or GSC performance export supplied
/help/why-is-my-compressed-pdf-blurry,help,IMPROVE,URL retained,Preserve URL; add exact output examples and contextual links; verify independent informational intent against GSC queries.,,[],200,1,True,No URL-level backlink or GSC performance export supplied
/help/why-is-the-merge-button-disabled,help,IMPROVE,URL retained,Preserve URL; add exact output examples and contextual links; verify independent informational intent against GSC queries.,,[],200,1,True,No URL-level backlink or GSC performance export supplied
/help/why-isnt-my-split-pdf-working,help,IMPROVE,URL retained,Preserve URL; add exact output examples and contextual links; verify independent informational intent against GSC queries.,,[],200,1,True,No URL-level backlink or GSC performance export supplied
/industries/accounting-finance,industry,REVIEW,URL retained,Mixed public/hidden tool references; verify useful independent explanation and replace unsupported instructions.,,"[""csv-cleaner"", ""json-to-excel""]",200,1,True,No URL-level backlink or GSC performance export supplied
/industries/education,industry,REVIEW,URL retained,Mixed public/hidden tool references; verify useful independent explanation and replace unsupported instructions.,,"[""ocr-image""]",200,1,True,No URL-level backlink or GSC performance export supplied
/industries/hr,industry,IMPROVE,URL retained,Preserve URL; add exact output examples and contextual links; verify independent informational intent against GSC queries.,,[],200,1,True,No URL-level backlink or GSC performance export supplied
/industries/legal,industry,REVIEW,URL retained,Mixed public/hidden tool references; verify useful independent explanation and replace unsupported instructions.,,"[""pdf-metadata-editor"", ""compare-pdf""]",200,1,True,No URL-level backlink or GSC performance export supplied
/industries/real-estate,industry,REVIEW,URL retained,Mixed public/hidden tool references; verify useful independent explanation and replace unsupported instructions.,,"[""heic-to-jpg"", ""image-watermark""]",200,1,True,No URL-level backlink or GSC performance export supplied
/pdf-workflows,workflows-templates,KEEP,URL retained,"Distinct format explanation, working template/workflow or useful navigation; monitor indexing and qualified usage.",,[],200,535,True,No URL-level backlink or GSC performance export supplied
/pdf-workflows/combine-word-documents-to-pdf,workflows-templates,KEEP,URL retained,"Distinct format explanation, working template/workflow or useful navigation; monitor indexing and qualified usage.",,[],200,32,True,No URL-level backlink or GSC performance export supplied
/pdf-workflows/extract-and-compress-pdf,workflows-templates,KEEP,URL retained,"Distinct format explanation, working template/workflow or useful navigation; monitor indexing and qualified usage.",,[],200,30,True,No URL-level backlink or GSC performance export supplied
/pdf-workflows/merge-and-compress-pdf,workflows-templates,KEEP,URL retained,"Distinct format explanation, working template/workflow or useful navigation; monitor indexing and qualified usage.",,[],200,38,True,No URL-level backlink or GSC performance export supplied
/pdf-workflows/merge-pdf-and-add-page-numbers,workflows-templates,KEEP,URL retained,"Distinct format explanation, working template/workflow or useful navigation; monitor indexing and qualified usage.",,[],200,33,True,No URL-level backlink or GSC performance export supplied
/pdf-workflows/merge-pdf-and-watermark,workflows-templates,KEEP,URL retained,"Distinct format explanation, working template/workflow or useful navigation; monitor indexing and qualified usage.",,[],200,33,True,No URL-level backlink or GSC performance export supplied
/pdf-workflows/word-to-pdf-and-compress,workflows-templates,KEEP,URL retained,"Distinct format explanation, working template/workflow or useful navigation; monitor indexing and qualified usage.",,[],200,32,True,No URL-level backlink or GSC performance export supplied
/templates,workflows-templates,KEEP,URL retained,"Distinct format explanation, working template/workflow or useful navigation; monitor indexing and qualified usage.",,[],200,451,True,No URL-level backlink or GSC performance export supplied
/templates/attendance-sheet-template,template,KEEP,URL retained,"Distinct format explanation, working template/workflow or useful navigation; monitor indexing and qualified usage.",,[],200,10,True,No URL-level backlink or GSC performance export supplied
/templates/collections/personal,workflows-templates,KEEP,URL retained,"Distinct format explanation, working template/workflow or useful navigation; monitor indexing and qualified usage.",,[],200,8,True,No URL-level backlink or GSC performance export supplied
/templates/collections/planning,workflows-templates,KEEP,URL retained,"Distinct format explanation, working template/workflow or useful navigation; monitor indexing and qualified usage.",,[],200,10,True,No URL-level backlink or GSC performance export supplied
/templates/collections/records,workflows-templates,KEEP,URL retained,"Distinct format explanation, working template/workflow or useful navigation; monitor indexing and qualified usage.",,[],200,11,True,No URL-level backlink or GSC performance export supplied
/templates/collections/work,workflows-templates,KEEP,URL retained,"Distinct format explanation, working template/workflow or useful navigation; monitor indexing and qualified usage.",,[],200,12,True,No URL-level backlink or GSC performance export supplied
/templates/contact-list-template,template,KEEP,URL retained,"Distinct format explanation, working template/workflow or useful navigation; monitor indexing and qualified usage.",,[],200,10,True,No URL-level backlink or GSC performance export supplied
/templates/conversions,workflows-templates,KEEP,URL retained,"Distinct format explanation, working template/workflow or useful navigation; monitor indexing and qualified usage.",,[],200,451,True,No URL-level backlink or GSC performance export supplied
/templates/conversions/jpg-to-pdf,workflows-templates,KEEP,URL retained,"Distinct format explanation, working template/workflow or useful navigation; monitor indexing and qualified usage.",,[],200,26,True,No URL-level backlink or GSC performance export supplied
/templates/conversions/jpg-to-pdf/a4-landscape,workflows-templates,KEEP,URL retained,"Distinct format explanation, working template/workflow or useful navigation; monitor indexing and qualified usage.",,[],200,24,True,No URL-level backlink or GSC performance export supplied
/templates/conversions/jpg-to-pdf/a4-portrait,workflows-templates,KEEP,URL retained,"Distinct format explanation, working template/workflow or useful navigation; monitor indexing and qualified usage.",,[],200,24,True,No URL-level backlink or GSC performance export supplied
/templates/conversions/jpg-to-pdf/a4-wide-margins,workflows-templates,KEEP,URL retained,"Distinct format explanation, working template/workflow or useful navigation; monitor indexing and qualified usage.",,[],200,24,True,No URL-level backlink or GSC performance export supplied
/templates/conversions/jpg-to-pdf/image-size,workflows-templates,KEEP,URL retained,"Distinct format explanation, working template/workflow or useful navigation; monitor indexing and qualified usage.",,[],200,24,True,No URL-level backlink or GSC performance export supplied
/templates/conversions/jpg-to-pdf/letter-landscape,workflows-templates,KEEP,URL retained,"Distinct format explanation, working template/workflow or useful navigation; monitor indexing and qualified usage.",,[],200,24,True,No URL-level backlink or GSC performance export supplied
/templates/conversions/jpg-to-pdf/letter-portrait,workflows-templates,KEEP,URL retained,"Distinct format explanation, working template/workflow or useful navigation; monitor indexing and qualified usage.",,[],200,24,True,No URL-level backlink or GSC performance export supplied
/templates/conversions/jpg-to-pdf/separate-files,workflows-templates,KEEP,URL retained,"Distinct format explanation, working template/workflow or useful navigation; monitor indexing and qualified usage.",,[],200,24,True,No URL-level backlink or GSC performance export supplied
/templates/conversions/jpg-to-pdf/transparent-png,workflows-templates,KEEP,URL retained,"Distinct format explanation, working template/workflow or useful navigation; monitor indexing and qualified usage.",,[],200,24,True,No URL-level backlink or GSC performance export supplied
/templates/conversions/powerpoint-to-pdf,workflows-templates,KEEP,URL retained,"Distinct format explanation, working template/workflow or useful navigation; monitor indexing and qualified usage.",,[],200,22,True,No URL-level backlink or GSC performance export supplied
/templates/conversions/powerpoint-to-pdf/batch-presentations,workflows-templates,KEEP,URL retained,"Distinct format explanation, working template/workflow or useful navigation; monitor indexing and qualified usage.",,[],200,20,True,No URL-level backlink or GSC performance export supplied
/templates/conversions/powerpoint-to-pdf/standard-slides,workflows-templates,KEEP,URL retained,"Distinct format explanation, working template/workflow or useful navigation; monitor indexing and qualified usage.",,[],200,20,True,No URL-level backlink or GSC performance export supplied
/templates/conversions/powerpoint-to-pdf/vector-drawings,workflows-templates,KEEP,URL retained,"Distinct format explanation, working template/workflow or useful navigation; monitor indexing and qualified usage.",,[],200,20,True,No URL-level backlink or GSC performance export supplied
/templates/conversions/powerpoint-to-pdf/widescreen,workflows-templates,KEEP,URL retained,"Distinct format explanation, working template/workflow or useful navigation; monitor indexing and qualified usage.",,[],200,20,True,No URL-level backlink or GSC performance export supplied
/templates/conversions/word-to-pdf,workflows-templates,KEEP,URL retained,"Distinct format explanation, working template/workflow or useful navigation; monitor indexing and qualified usage.",,[],200,23,True,No URL-level backlink or GSC performance export supplied
/templates/conversions/word-to-pdf/batch-documents,workflows-templates,KEEP,URL retained,"Distinct format explanation, working template/workflow or useful navigation; monitor indexing and qualified usage.",,[],200,21,True,No URL-level backlink or GSC performance export supplied
/templates/conversions/word-to-pdf/embedded-images,workflows-templates,KEEP,URL retained,"Distinct format explanation, working template/workflow or useful navigation; monitor indexing and qualified usage.",,[],200,21,True,No URL-level backlink or GSC performance export supplied
/templates/conversions/word-to-pdf/google-docs-export,workflows-templates,KEEP,URL retained,"Distinct format explanation, working template/workflow or useful navigation; monitor indexing and qualified usage.",,[],200,21,True,No URL-level backlink or GSC performance export supplied
/templates/conversions/word-to-pdf/landscape-document,workflows-templates,KEEP,URL retained,"Distinct format explanation, working template/workflow or useful navigation; monitor indexing and qualified usage.",,[],200,21,True,No URL-level backlink or GSC performance export supplied
/templates/conversions/word-to-pdf/tables,workflows-templates,KEEP,URL retained,"Distinct format explanation, working template/workflow or useful navigation; monitor indexing and qualified usage.",,[],200,21,True,No URL-level backlink or GSC performance export supplied
/templates/daily-planner-template,template,KEEP,URL retained,"Distinct format explanation, working template/workflow or useful navigation; monitor indexing and qualified usage.",,[],200,9,True,No URL-level backlink or GSC performance export supplied
/templates/expense-log-template,template,KEEP,URL retained,"Distinct format explanation, working template/workflow or useful navigation; monitor indexing and qualified usage.",,[],200,10,True,No URL-level backlink or GSC performance export supplied
/templates/habit-tracker-template,template,KEEP,URL retained,"Distinct format explanation, working template/workflow or useful navigation; monitor indexing and qualified usage.",,[],200,9,True,No URL-level backlink or GSC performance export supplied
/templates/inventory-sheet-template,template,KEEP,URL retained,"Distinct format explanation, working template/workflow or useful navigation; monitor indexing and qualified usage.",,[],200,10,True,No URL-level backlink or GSC performance export supplied
/templates/invoice-template,template,KEEP,URL retained,"Distinct format explanation, working template/workflow or useful navigation; monitor indexing and qualified usage.",,[],200,11,True,No URL-level backlink or GSC performance export supplied
/templates/meeting-agenda-template,template,KEEP,URL retained,"Distinct format explanation, working template/workflow or useful navigation; monitor indexing and qualified usage.",,[],200,11,True,No URL-level backlink or GSC performance export supplied
/templates/meeting-minutes-template,template,KEEP,URL retained,"Distinct format explanation, working template/workflow or useful navigation; monitor indexing and qualified usage.",,[],200,11,True,No URL-level backlink or GSC performance export supplied
/templates/packing-checklist-template,template,KEEP,URL retained,"Distinct format explanation, working template/workflow or useful navigation; monitor indexing and qualified usage.",,[],200,7,True,No URL-level backlink or GSC performance export supplied
/templates/project-brief-template,template,KEEP,URL retained,"Distinct format explanation, working template/workflow or useful navigation; monitor indexing and qualified usage.",,[],200,11,True,No URL-level backlink or GSC performance export supplied
/templates/project-checklist-template,template,KEEP,URL retained,"Distinct format explanation, working template/workflow or useful navigation; monitor indexing and qualified usage.",,[],200,11,True,No URL-level backlink or GSC performance export supplied
/templates/project-proposal-template,template,KEEP,URL retained,"Distinct format explanation, working template/workflow or useful navigation; monitor indexing and qualified usage.",,[],200,11,True,No URL-level backlink or GSC performance export supplied
/templates/reading-log-template,template,KEEP,URL retained,"Distinct format explanation, working template/workflow or useful navigation; monitor indexing and qualified usage.",,[],200,7,True,No URL-level backlink or GSC performance export supplied
/templates/study-planner-template,template,KEEP,URL retained,"Distinct format explanation, working template/workflow or useful navigation; monitor indexing and qualified usage.",,[],200,9,True,No URL-level backlink or GSC performance export supplied
/templates/timesheet-template,template,KEEP,URL retained,"Distinct format explanation, working template/workflow or useful navigation; monitor indexing and qualified usage.",,[],200,10,True,No URL-level backlink or GSC performance export supplied
/templates/weekly-planner-template,template,KEEP,URL retained,"Distinct format explanation, working template/workflow or useful navigation; monitor indexing and qualified usage.",,[],200,10,True,No URL-level backlink or GSC performance export supplied
/use-cases/combine-bank-statements-into-one-pdf,use-case,IMPROVE,URL retained,Preserve URL; add exact output examples and contextual links; verify independent informational intent against GSC queries.,,[],200,1,True,No URL-level backlink or GSC performance export supplied
/use-cases/combine-scanned-photos-into-a-single-pdf,use-case,IMPROVE,URL retained,Preserve URL; add exact output examples and contextual links; verify independent informational intent against GSC queries.,,[],200,2,True,No URL-level backlink or GSC performance export supplied
/use-cases/compress-a-resume-for-email,use-case,IMPROVE,URL retained,Preserve URL; add exact output examples and contextual links; verify independent informational intent against GSC queries.,,[],200,1,True,No URL-level backlink or GSC performance export supplied
/use-cases/create-preview-images-from-a-pdf-for-a-website,use-case,IMPROVE,URL retained,Preserve URL; add exact output examples and contextual links; verify independent informational intent against GSC queries.,,[],200,2,True,No URL-level backlink or GSC performance export supplied
/use-cases/extract-and-shrink-pages-from-a-large-pdf,use-case,IMPROVE,URL retained,Preserve URL; add exact output examples and contextual links; verify independent informational intent against GSC queries.,,[],200,2,True,No URL-level backlink or GSC performance export supplied
/use-cases/merge-invoices-into-one-pdf,use-case,IMPROVE,URL retained,Preserve URL; add exact output examples and contextual links; verify independent informational intent against GSC queries.,,[],200,1,True,No URL-level backlink or GSC performance export supplied
/use-cases/migrate-a-legacy-sql-export-to-a-spreadsheet,use-case,NOINDEX,"noindex,follow; removed from sitemap",The documented task depends on currently non-public tools. Keep content accessible; noindex until a working public task and content review are restored. Source audit: docs/pseo/indexation/2026-09-29/baseline/content-entities.json.,,"[""sql-to-csv"", ""sql-to-json""]",200,1,False,No URL-level backlink or GSC performance export supplied
/use-cases/prepare-a-spreadsheet-export-for-a-data-import,use-case,REVIEW,URL retained,Mixed public/hidden tool references; verify useful independent explanation and replace unsupported instructions.,,"[""csv-to-xml"", ""xml-to-csv""]",200,1,True,No URL-level backlink or GSC performance export supplied
/use-cases/prepare-api-json-data-for-a-non-technical-teammate,use-case,NOINDEX,"noindex,follow; removed from sitemap",The documented task depends on currently non-public tools. Keep content accessible; noindex until a working public task and content review are restored. Source audit: docs/pseo/indexation/2026-09-29/baseline/content-entities.json.,,"[""json-formatter"", ""json-to-excel"", ""json-to-csv""]",200,1,False,No URL-level backlink or GSC performance export supplied
/use-cases/prepare-documents-for-printing,use-case,REVIEW,URL retained,Mixed public/hidden tool references; verify useful independent explanation and replace unsupported instructions.,,"[""rearrange-pages""]",200,1,True,No URL-level backlink or GSC performance export supplied
/use-cases/prepare-iphone-photos-for-a-website,use-case,NOINDEX,"noindex,follow; removed from sitemap",The documented task depends on currently non-public tools. Keep content accessible; noindex until a working public task and content review are restored. Source audit: docs/pseo/indexation/2026-09-29/baseline/content-entities.json.,,"[""heic-to-jpg"", ""resize-image""]",200,1,False,No URL-level backlink or GSC performance export supplied
/use-cases/split-a-scanned-pdf-into-separate-documents,use-case,IMPROVE,URL retained,Preserve URL; add exact output examples and contextual links; verify independent informational intent against GSC queries.,,[],200,2,True,No URL-level backlink or GSC performance export supplied
/use-cases/turn-handwritten-notes-into-searchable-text,use-case,NOINDEX,"noindex,follow; removed from sitemap",The documented task depends on currently non-public tools. Keep content accessible; noindex until a working public task and content review are restored. Source audit: docs/pseo/indexation/2026-09-29/baseline/content-entities.json.,,"[""ocr-image""]",200,1,False,No URL-level backlink or GSC performance export supplied
/use-cases/watermark-photos-before-sharing-proofs,use-case,NOINDEX,"noindex,follow; removed from sitemap",The documented task depends on currently non-public tools. Keep content accessible; noindex until a working public task and content review are restored. Source audit: docs/pseo/indexation/2026-09-29/baseline/content-entities.json.,,"[""image-watermark""]",200,1,False,No URL-level backlink or GSC performance export supplied
