gap,engineeringAssessment,implementationBoundary,US,IN,BR,observations
HEIC to PDF,Relatively feasible,Reuse existing non-public HEIC decoder only after browser memory and image-orientation QA; connect to the real PDF image pipeline.,heic to pdf (40500),heic to pdf (14800),heic para pdf (2400),35
PDF text extraction,Relatively feasible,"Expose text extraction already used by converters, with page order, Unicode and empty-scan detection; OCR language support remains separate.",pdf to text converter (3600),pdf to text converter (22200),pdf to txt (1600),136
PDF to PNG,Relatively feasible,"Reuse PDF rasterization, add PNG output and memory limits. Verify multipage archive naming, resolution and transparency.",pdf to png (74000),No validated observation in this export,pdf to png (110/33100),30
Portuguese OCR,Moderate,"Add Portuguese language data, language selection, Unicode output and real Brazilian scans; benchmark accuracy and memory.",No validated observation in this export,No validated observation in this export,ocr em pdf (590),163
Text/Markdown to PDF,Moderate,"Adapt supported HTML rendering with safe Markdown parsing, font coverage, pagination and offline asset handling.",md to pdf (12100),text to pdf converter (60500),transformar texto em pdf (4400),215
Other gaps / manual scope review,Research first,"Includes unsupported or out-of-scope tasks. These are observations, not approved features or page opportunities.",sign pdf (12100),sign pdf (22200),como assinar um documento em pdf (4400),1713
PDF to XML,Research first,Clarify generic XML versus fiscal/invoice schema intent. A file extension alone does not identify the required schema.,No validated observation in this export,No validated observation in this export,pdf para xml (9900),196
Target-size compression,Major reliability work,Build iterative size targeting with explicit quality floors and a failure result when the target is unattainable; do not promise every file reaches an exact size.,pdf compressor to 200kb (880),compress pdf to 200kb (165000),comprimir pdf para 1mb grátis (590),2564
Legacy Office formats,Major engineering,Older binary DOC/PPT/XLS need format-specific parsers/renderers or a disclosed server conversion service. Validate whether each keyword means a literal binary format or colloquial Office export before investing.,doc to pdf (18100),doc to pdf converter (823000),conversor de ppt para pdf (720),1143
PDF to EPUB,Major engineering,"Reading order, reflow, headings, images and EPUB validation cannot be inferred from plain PDF extraction.",No validated observation in this export,No validated observation in this export,converter pdf em epub (18100),81
Document translation,Major product,"Translation models, document layout, privacy, cost and quality assurance are separate product work; high demand is not current capability.",english to hindi translate in pdf (22200),pdf translate english to hindi (14800),tradutor pdf (5400),864
PDF protection/unlock,Major security/compatibility work,"Define supported authorized password workflows, encryption compatibility, malformed-file handling and key/privacy model before any public promise.",unlock pdf (12100),unlock pdf (450000),desbloquear pdf (27100),1625
