URL,Last crawled
https://pdfpilot.net/ar/base64-encode,1970-01-01
https://pdfpilot.net/ar/compare-pdf,1970-01-01
https://pdfpilot.net/ar/compress-image,1970-01-01
https://pdfpilot.net/ar/convert-image,1970-01-01
https://pdfpilot.net/ar/crop-image,1970-01-01
https://pdfpilot.net/ar/crop-pdf,1970-01-01
https://pdfpilot.net/ar/csv-cleaner,1970-01-01
https://pdfpilot.net/ar/csv-formatter,1970-01-01
https://pdfpilot.net/ar/csv-merger,1970-01-01
https://pdfpilot.net/ar/csv-splitter,1970-01-01
https://pdfpilot.net/ar/csv-to-excel,1970-01-01
https://pdfpilot.net/ar/csv-to-json,1970-01-01
https://pdfpilot.net/ar/csv-to-markdown-table,1970-01-01
https://pdfpilot.net/ar/csv-to-pdf,1970-01-01
https://pdfpilot.net/ar/csv-to-sql,1970-01-01
https://pdfpilot.net/ar/csv-to-tsv,1970-01-01
https://pdfpilot.net/ar/daght-pdf,1970-01-01
https://pdfpilot.net/ar/damj-pdf,1970-01-01
https://pdfpilot.net/ar/delete-pages,1970-01-01
https://pdfpilot.net/ar/docx-merge,1970-01-01
https://pdfpilot.net/ar/duplicate-pages,1970-01-01
https://pdfpilot.net/ar/duplicate-row-remover,1970-01-01
https://pdfpilot.net/ar/edit-pdf,1970-01-01
https://pdfpilot.net/ar/excel-sheet-extractor,1970-01-01
https://pdfpilot.net/ar/excel-sheet-merger,1970-01-01
https://pdfpilot.net/ar/excel-to-csv,1970-01-01
https://pdfpilot.net/ar/excel-to-json,1970-01-01
https://pdfpilot.net/ar/excel-to-pdf,1970-01-01
https://pdfpilot.net/ar/excel-to-tsv,1970-01-01
https://pdfpilot.net/ar/excel-to-xml,1970-01-01
https://pdfpilot.net/ar/extract-pages,1970-01-01
https://pdfpilot.net/ar/fill-pdf,1970-01-01
https://pdfpilot.net/ar/flatten-pdf,1970-01-01
https://pdfpilot.net/ar/heic-to-png,1970-01-01
https://pdfpilot.net/ar/html-to-markdown,1970-01-01
https://pdfpilot.net/ar/html-to-pdf,1970-01-01
https://pdfpilot.net/ar/image-metadata,1970-01-01
https://pdfpilot.net/ar/image-watermark,1970-01-01
https://pdfpilot.net/ar/insert-pages,1970-01-01
https://pdfpilot.net/ar/jpg-ila-pdf,1970-01-01
https://pdfpilot.net/ar/json-diff,1970-01-01
https://pdfpilot.net/ar/json-formatter,1970-01-01
https://pdfpilot.net/ar/json-minifier,1970-01-01
https://pdfpilot.net/ar/json-to-csv,1970-01-01
https://pdfpilot.net/ar/json-to-excel,1970-01-01
https://pdfpilot.net/ar/json-to-sql,1970-01-01
https://pdfpilot.net/ar/json-to-xml,1970-01-01
https://pdfpilot.net/ar/json-to-yaml,1970-01-01
https://pdfpilot.net/ar/json-validator,1970-01-01
https://pdfpilot.net/ar/jwt-decode,1970-01-01
https://pdfpilot.net/ar/lock-pdf,1970-01-01
https://pdfpilot.net/ar/markdown-table-to-csv,1970-01-01
https://pdfpilot.net/ar/markdown-to-html,1970-01-01
https://pdfpilot.net/ar/markdown-to-pdf,1970-01-01
https://pdfpilot.net/ar/ocr-image,1970-01-01
https://pdfpilot.net/ar/ocr-pdf,1970-01-01
https://pdfpilot.net/ar/organize-pdf,1970-01-01
https://pdfpilot.net/ar/pdf-ila-jpg,1970-01-01
https://pdfpilot.net/ar/pdf-metadata-editor,1970-01-01
https://pdfpilot.net/ar/pdf-to-excel,1970-01-01
https://pdfpilot.net/ar/pdf-to-pdfa,1970-01-01
https://pdfpilot.net/ar/pdf-to-powerpoint,1970-01-01
https://pdfpilot.net/ar/pdf-to-word,1970-01-01
https://pdfpilot.net/ar/rearrange-pages,1970-01-01
https://pdfpilot.net/ar/repair-pdf,1970-01-01
https://pdfpilot.net/ar/resize-image,1970-01-01
https://pdfpilot.net/ar/rotate-image,1970-01-01
https://pdfpilot.net/ar/rotate-pdf,1970-01-01
https://pdfpilot.net/ar/scan-pdf,1970-01-01
https://pdfpilot.net/ar/sql-to-csv,1970-01-01
https://pdfpilot.net/ar/sql-to-json,1970-01-01
https://pdfpilot.net/ar/summary-generator,1970-01-01
https://pdfpilot.net/ar/svg-to-pdf,1970-01-01
https://pdfpilot.net/ar/tsv-to-csv,1970-01-01
https://pdfpilot.net/ar/tsv-to-excel,1970-01-01
https://pdfpilot.net/ar/txt-to-pdf,1970-01-01
https://pdfpilot.net/ar/unlock-pdf,1970-01-01
https://pdfpilot.net/ar/url-decode,1970-01-01
https://pdfpilot.net/ar/url-encode,1970-01-01
https://pdfpilot.net/ar/watermark-pdf,1970-01-01
https://pdfpilot.net/ar/word-to-pdf,1970-01-01
https://pdfpilot.net/ar/xml-formatter,1970-01-01
https://pdfpilot.net/ar/xml-minifier,1970-01-01
https://pdfpilot.net/ar/xml-to-csv,1970-01-01
https://pdfpilot.net/ar/xml-to-json,1970-01-01
https://pdfpilot.net/ar/xml-to-yaml,1970-01-01
https://pdfpilot.net/ar/xml-validator,1970-01-01
https://pdfpilot.net/ar/yaml-to-json,1970-01-01
https://pdfpilot.net/ar/yaml-to-xml,1970-01-01
https://pdfpilot.net/base64-encode,1970-01-01
https://pdfpilot.net/categories/data-conversion-tools,1970-01-01
https://pdfpilot.net/checklists/heic-photo-conversion-checklist,1970-01-01
https://pdfpilot.net/column-extractor,1970-01-01
https://pdfpilot.net/compare/csv-cleaner-vs-duplicate-row-remover,1970-01-01
https://pdfpilot.net/compare/csv-to-xml-vs-excel-to-xml,1970-01-01
https://pdfpilot.net/compare/heic-to-jpg-vs-heic-to-png,1970-01-01
https://pdfpilot.net/compare/jpg-to-pdf-vs-merge-pdf,1970-01-01
https://pdfpilot.net/compare/json-formatter-vs-json-minifier,1970-01-01
https://pdfpilot.net/compare/json-vs-csv,1970-01-01
https://pdfpilot.net/compare/markdown-to-html-vs-html-to-markdown,1970-01-01
https://pdfpilot.net/compare/merge-pdf-vs-combine-pdf,1970-01-01
https://pdfpilot.net/compare/ocr-pdf-vs-ocr-image,1970-01-01
https://pdfpilot.net/compare/pdf-to-word-vs-word-to-pdf,1970-01-01
https://pdfpilot.net/compare/split-pdf-vs-merge-pdf,1970-01-01
https://pdfpilot.net/csv-formatter,1970-01-01
https://pdfpilot.net/csv-merger,1970-01-01
https://pdfpilot.net/csv-splitter,1970-01-01
https://pdfpilot.net/csv-to-excel,1970-01-01
https://pdfpilot.net/csv-to-json,1970-01-01
https://pdfpilot.net/csv-to-pdf,1970-01-01
https://pdfpilot.net/csv-to-sql,1970-01-01
https://pdfpilot.net/csv-to-xml,1970-01-01
https://pdfpilot.net/de,1970-01-01
https://pdfpilot.net/de/add-page-numbers,1970-01-01
https://pdfpilot.net/de/base64-decode,1970-01-01
https://pdfpilot.net/de/column-extractor,1970-01-01
https://pdfpilot.net/de/compare-pdf,1970-01-01
https://pdfpilot.net/de/compress-image,1970-01-01
https://pdfpilot.net/de/convert-image,1970-01-01
https://pdfpilot.net/de/crop-image,1970-01-01
https://pdfpilot.net/de/csv-cleaner,1970-01-01
https://pdfpilot.net/de/csv-formatter,1970-01-01
https://pdfpilot.net/de/csv-merger,1970-01-01
https://pdfpilot.net/de/csv-splitter,1970-01-01
https://pdfpilot.net/de/csv-to-excel,1970-01-01
https://pdfpilot.net/de/csv-to-json,1970-01-01
https://pdfpilot.net/de/csv-to-pdf,1970-01-01
https://pdfpilot.net/de/csv-to-sql,1970-01-01
https://pdfpilot.net/de/csv-to-tsv,1970-01-01
https://pdfpilot.net/de/csv-to-xml,1970-01-01
https://pdfpilot.net/de/delete-pages,1970-01-01
https://pdfpilot.net/de/duplicate-pages,1970-01-01
https://pdfpilot.net/de/duplicate-row-remover,1970-01-01
https://pdfpilot.net/de/edit-pdf,1970-01-01
https://pdfpilot.net/de/excel-sheet-merger,1970-01-01
https://pdfpilot.net/de/excel-to-csv,1970-01-01
https://pdfpilot.net/de/excel-to-json,1970-01-01
https://pdfpilot.net/de/excel-to-pdf,1970-01-01
https://pdfpilot.net/de/excel-to-tsv,1970-01-01
https://pdfpilot.net/de/extract-pages,1970-01-01
https://pdfpilot.net/de/fill-pdf,1970-01-01
https://pdfpilot.net/de/flatten-pdf,1970-01-01
https://pdfpilot.net/de/heic-to-jpg,1970-01-01
https://pdfpilot.net/de/heic-to-png,1970-01-01
https://pdfpilot.net/de/html-to-markdown,1970-01-01
https://pdfpilot.net/de/html-to-pdf,1970-01-01
https://pdfpilot.net/de/html-to-text,1970-01-01
https://pdfpilot.net/de/image-metadata,1970-01-01
https://pdfpilot.net/de/image-watermark,1970-01-01
https://pdfpilot.net/de/insert-pages,1970-01-01
https://pdfpilot.net/de/jpg-in-pdf,1970-01-01
https://pdfpilot.net/de/json-diff,1970-01-01
https://pdfpilot.net/de/json-to-excel,1970-01-01
https://pdfpilot.net/de/json-to-sql,1970-01-01
https://pdfpilot.net/de/json-to-xml,1970-01-01
https://pdfpilot.net/de/lock-pdf,1970-01-01
https://pdfpilot.net/de/markdown-to-html,1970-01-01
https://pdfpilot.net/de/markdown-to-pdf,1970-01-01
https://pdfpilot.net/de/ocr-image,1970-01-01
https://pdfpilot.net/de/ocr-pdf,1970-01-01
https://pdfpilot.net/de/organize-pdf,1970-01-01
https://pdfpilot.net/de/pdf-in-jpg,1970-01-01
https://pdfpilot.net/de/pdf-komprimieren,1970-01-01
https://pdfpilot.net/de/pdf-metadata-editor,1970-01-01
https://pdfpilot.net/de/pdf-teilen,1970-01-01
https://pdfpilot.net/de/pdf-to-excel,1970-01-01
https://pdfpilot.net/de/pdf-to-pdfa,1970-01-01
https://pdfpilot.net/de/pdf-to-powerpoint,1970-01-01
https://pdfpilot.net/de/pdf-to-word,1970-01-01
https://pdfpilot.net/de/pdf-zusammenfuegen,1970-01-01
https://pdfpilot.net/de/powerpoint-to-pdf,1970-01-01
https://pdfpilot.net/de/rearrange-pages,1970-01-01
https://pdfpilot.net/de/repair-pdf,1970-01-01
https://pdfpilot.net/de/rotate-image,1970-01-01
https://pdfpilot.net/de/rotate-pdf,1970-01-01
https://pdfpilot.net/de/scan-pdf,1970-01-01
https://pdfpilot.net/de/sql-to-json,1970-01-01
https://pdfpilot.net/de/summary-generator,1970-01-01
https://pdfpilot.net/de/svg-to-pdf,1970-01-01
https://pdfpilot.net/de/text-to-html,1970-01-01
https://pdfpilot.net/de/tsv-to-csv,1970-01-01
https://pdfpilot.net/de/tsv-to-excel,1970-01-01
https://pdfpilot.net/de/txt-to-pdf,1970-01-01
https://pdfpilot.net/de/unlock-pdf,1970-01-01
https://pdfpilot.net/de/url-decode,1970-01-01
https://pdfpilot.net/de/url-encode,1970-01-01
https://pdfpilot.net/de/watermark-pdf,1970-01-01
https://pdfpilot.net/de/xml-formatter,1970-01-01
https://pdfpilot.net/de/xml-minifier,1970-01-01
https://pdfpilot.net/de/xml-to-csv,1970-01-01
https://pdfpilot.net/de/xml-to-excel,1970-01-01
https://pdfpilot.net/de/xml-to-json,1970-01-01
https://pdfpilot.net/de/xml-to-yaml,1970-01-01
https://pdfpilot.net/de/xml-validator,1970-01-01
https://pdfpilot.net/de/yaml-to-json,1970-01-01
https://pdfpilot.net/de/yaml-to-xml,1970-01-01
https://pdfpilot.net/duplicate-row-remover,1970-01-01
https://pdfpilot.net/edit-pdf,1970-01-01
https://pdfpilot.net/es/add-page-numbers,1970-01-01
https://pdfpilot.net/es/base64-decode,1970-01-01
https://pdfpilot.net/es/base64-encode,1970-01-01
https://pdfpilot.net/es/column-extractor,1970-01-01
https://pdfpilot.net/es/comprimir-pdf,1970-01-01
https://pdfpilot.net/es/convert-image,1970-01-01
https://pdfpilot.net/es/crop-image,1970-01-01
https://pdfpilot.net/es/crop-pdf,1970-01-01
https://pdfpilot.net/es/csv-cleaner,1970-01-01
https://pdfpilot.net/es/csv-formatter,1970-01-01
https://pdfpilot.net/es/csv-splitter,1970-01-01
https://pdfpilot.net/es/csv-to-excel,1970-01-01
https://pdfpilot.net/es/csv-to-json,1970-01-01
https://pdfpilot.net/es/csv-to-pdf,1970-01-01
https://pdfpilot.net/es/csv-to-sql,1970-01-01
https://pdfpilot.net/es/csv-to-tsv,1970-01-01
https://pdfpilot.net/es/csv-to-xml,1970-01-01
https://pdfpilot.net/es/delete-pages,1970-01-01
https://pdfpilot.net/es/docx-merge,1970-01-01
https://pdfpilot.net/es/duplicate-pages,1970-01-01
https://pdfpilot.net/es/duplicate-row-remover,1970-01-01
https://pdfpilot.net/es/edit-pdf,1970-01-01
https://pdfpilot.net/es/excel-sheet-extractor,1970-01-01
https://pdfpilot.net/es/excel-sheet-merger,1970-01-01
https://pdfpilot.net/es/excel-to-csv,1970-01-01
https://pdfpilot.net/es/excel-to-pdf,1970-01-01
https://pdfpilot.net/es/excel-to-tsv,1970-01-01
https://pdfpilot.net/es/excel-to-xml,1970-01-01
https://pdfpilot.net/es/extract-pages,1970-01-01
https://pdfpilot.net/es/fill-pdf,1970-01-01
https://pdfpilot.net/es/flatten-pdf,1970-01-01
https://pdfpilot.net/es/heic-to-jpg,1970-01-01
https://pdfpilot.net/es/html-to-markdown,1970-01-01
https://pdfpilot.net/es/html-to-pdf,1970-01-01
https://pdfpilot.net/es/html-to-text,1970-01-01
https://pdfpilot.net/es/image-metadata,1970-01-01
https://pdfpilot.net/es/image-watermark,1970-01-01
https://pdfpilot.net/es/jpg-a-pdf,1970-01-01
https://pdfpilot.net/es/json-diff,1970-01-01
https://pdfpilot.net/es/json-formatter,1970-01-01
https://pdfpilot.net/es/json-to-csv,1970-01-01
https://pdfpilot.net/es/json-to-excel,1970-01-01
https://pdfpilot.net/es/json-to-xml,1970-01-01
https://pdfpilot.net/es/json-to-yaml,1970-01-01
https://pdfpilot.net/es/lock-pdf,1970-01-01
https://pdfpilot.net/es/markdown-table-to-csv,1970-01-01
https://pdfpilot.net/es/markdown-to-html,1970-01-01
https://pdfpilot.net/es/markdown-to-pdf,1970-01-01
https://pdfpilot.net/es/ocr-pdf,1970-01-01
https://pdfpilot.net/es/pdf-a-jpg,1970-01-01
https://pdfpilot.net/es/pdf-metadata-editor,1970-01-01
https://pdfpilot.net/es/pdf-to-excel,1970-01-01
https://pdfpilot.net/es/pdf-to-pdfa,1970-01-01
https://pdfpilot.net/es/pdf-to-powerpoint,1970-01-01
https://pdfpilot.net/es/pdf-to-word,1970-01-01
https://pdfpilot.net/es/powerpoint-to-pdf,1970-01-01
https://pdfpilot.net/es/rearrange-pages,1970-01-01
https://pdfpilot.net/es/resize-image,1970-01-01
https://pdfpilot.net/es/rotate-image,1970-01-01
https://pdfpilot.net/es/scan-pdf,1970-01-01
https://pdfpilot.net/es/sql-to-csv,1970-01-01
https://pdfpilot.net/es/sql-to-json,1970-01-01
https://pdfpilot.net/es/summary-generator,1970-01-01
https://pdfpilot.net/es/svg-to-pdf,1970-01-01
https://pdfpilot.net/es/tsv-to-csv,1970-01-01
https://pdfpilot.net/es/tsv-to-excel,1970-01-01
https://pdfpilot.net/es/txt-to-pdf,1970-01-01
https://pdfpilot.net/es/unir-pdf,1970-01-01
https://pdfpilot.net/es/unlock-pdf,1970-01-01
https://pdfpilot.net/es/url-encode,1970-01-01
https://pdfpilot.net/es/word-to-pdf,1970-01-01
https://pdfpilot.net/es/xml-formatter,1970-01-01
https://pdfpilot.net/es/xml-minifier,1970-01-01
https://pdfpilot.net/es/xml-to-excel,1970-01-01
https://pdfpilot.net/es/xml-to-json,1970-01-01
https://pdfpilot.net/es/xml-to-yaml,1970-01-01
https://pdfpilot.net/es/xml-validator,1970-01-01
https://pdfpilot.net/excel-sheet-extractor,1970-01-01
https://pdfpilot.net/excel-sheet-merger,1970-01-01
https://pdfpilot.net/excel-to-json,1970-01-01
https://pdfpilot.net/excel-to-tsv,1970-01-01
https://pdfpilot.net/fr,1970-01-01
https://pdfpilot.net/fr/base64-decode,1970-01-01
https://pdfpilot.net/fr/base64-encode,1970-01-01
https://pdfpilot.net/fr/column-extractor,1970-01-01
https://pdfpilot.net/fr/compare-pdf,1970-01-01
https://pdfpilot.net/fr/compress-image,1970-01-01
https://pdfpilot.net/fr/compresser-pdf,1970-01-01
https://pdfpilot.net/fr/crop-image,1970-01-01
https://pdfpilot.net/fr/crop-pdf,1970-01-01
https://pdfpilot.net/fr/csv-cleaner,1970-01-01
https://pdfpilot.net/fr/csv-formatter,1970-01-01
https://pdfpilot.net/fr/csv-merger,1970-01-01
https://pdfpilot.net/fr/csv-splitter,1970-01-01
https://pdfpilot.net/fr/csv-to-excel,1970-01-01
https://pdfpilot.net/fr/csv-to-json,1970-01-01
https://pdfpilot.net/fr/csv-to-pdf,1970-01-01
https://pdfpilot.net/fr/csv-to-sql,1970-01-01
https://pdfpilot.net/fr/delete-pages,1970-01-01
https://pdfpilot.net/fr/diviser-pdf,1970-01-01
https://pdfpilot.net/fr/docx-merge,1970-01-01
https://pdfpilot.net/fr/duplicate-pages,1970-01-01
https://pdfpilot.net/fr/duplicate-row-remover,1970-01-01
https://pdfpilot.net/fr/edit-pdf,1970-01-01
https://pdfpilot.net/fr/excel-sheet-extractor,1970-01-01
https://pdfpilot.net/fr/excel-sheet-merger,1970-01-01
https://pdfpilot.net/fr/excel-to-csv,1970-01-01
https://pdfpilot.net/fr/excel-to-json,1970-01-01
https://pdfpilot.net/fr/excel-to-tsv,1970-01-01
https://pdfpilot.net/fr/extract-pages,1970-01-01
https://pdfpilot.net/fr/fill-pdf,1970-01-01
https://pdfpilot.net/fr/fusionner-pdf,1970-01-01
https://pdfpilot.net/fr/heic-to-jpg,1970-01-01
https://pdfpilot.net/fr/heic-to-png,1970-01-01
https://pdfpilot.net/fr/html-to-markdown,1970-01-01
https://pdfpilot.net/fr/html-to-pdf,1970-01-01
https://pdfpilot.net/fr/html-to-text,1970-01-01
https://pdfpilot.net/fr/image-metadata,1970-01-01
https://pdfpilot.net/fr/image-watermark,1970-01-01
https://pdfpilot.net/fr/insert-pages,1970-01-01
https://pdfpilot.net/fr/jpg-en-pdf,1970-01-01
https://pdfpilot.net/fr/json-diff,1970-01-01
https://pdfpilot.net/fr/json-formatter,1970-01-01
https://pdfpilot.net/fr/json-minifier,1970-01-01
https://pdfpilot.net/fr/json-to-csv,1970-01-01
https://pdfpilot.net/fr/json-to-sql,1970-01-01
https://pdfpilot.net/fr/json-to-xml,1970-01-01
https://pdfpilot.net/fr/json-to-yaml,1970-01-01
https://pdfpilot.net/fr/json-validator,1970-01-01
https://pdfpilot.net/fr/jwt-decode,1970-01-01
https://pdfpilot.net/fr/lock-pdf,1970-01-01
https://pdfpilot.net/fr/markdown-table-to-csv,1970-01-01
https://pdfpilot.net/fr/markdown-to-html,1970-01-01
https://pdfpilot.net/fr/markdown-to-pdf,1970-01-01
https://pdfpilot.net/fr/ocr-image,1970-01-01
https://pdfpilot.net/fr/ocr-pdf,1970-01-01
https://pdfpilot.net/fr/organize-pdf,1970-01-01
https://pdfpilot.net/fr/pdf-en-jpg,1970-01-01
https://pdfpilot.net/fr/pdf-metadata-editor,1970-01-01
https://pdfpilot.net/fr/pdf-to-pdfa,1970-01-01
https://pdfpilot.net/fr/pdf-to-powerpoint,1970-01-01
https://pdfpilot.net/fr/pdf-to-word,1970-01-01
https://pdfpilot.net/fr/powerpoint-to-pdf,1970-01-01
https://pdfpilot.net/fr/rearrange-pages,1970-01-01
https://pdfpilot.net/fr/repair-pdf,1970-01-01
https://pdfpilot.net/fr/rotate-image,1970-01-01
https://pdfpilot.net/fr/rotate-pdf,1970-01-01
https://pdfpilot.net/fr/scan-pdf,1970-01-01
https://pdfpilot.net/fr/sql-to-csv,1970-01-01
https://pdfpilot.net/fr/sql-to-json,1970-01-01
https://pdfpilot.net/fr/summary-generator,1970-01-01
https://pdfpilot.net/fr/svg-to-pdf,1970-01-01
https://pdfpilot.net/fr/text-to-html,1970-01-01
https://pdfpilot.net/fr/tsv-to-csv,1970-01-01
https://pdfpilot.net/fr/tsv-to-excel,1970-01-01
https://pdfpilot.net/fr/unlock-pdf,1970-01-01
https://pdfpilot.net/fr/url-decode,1970-01-01
https://pdfpilot.net/fr/url-encode,1970-01-01
https://pdfpilot.net/fr/word-to-pdf,1970-01-01
https://pdfpilot.net/fr/xml-formatter,1970-01-01
https://pdfpilot.net/fr/xml-minifier,1970-01-01
https://pdfpilot.net/fr/xml-to-csv,1970-01-01
https://pdfpilot.net/fr/xml-to-excel,1970-01-01
https://pdfpilot.net/fr/xml-to-json,1970-01-01
https://pdfpilot.net/fr/xml-to-yaml,1970-01-01
https://pdfpilot.net/fr/xml-validator,1970-01-01
https://pdfpilot.net/fr/yaml-to-xml,1970-01-01
https://pdfpilot.net/glossary/vector-vs-raster-images,1970-01-01
https://pdfpilot.net/glossary/what-is-a-rasterized-pdf,1970-01-01
https://pdfpilot.net/glossary/what-is-base64-encoding,1970-01-01
https://pdfpilot.net/glossary/what-is-ocr,1970-01-01
https://pdfpilot.net/glossary/what-is-xml,1970-01-01
https://pdfpilot.net/guides/how-csv-excel-xml-conversion-works,1970-01-01
https://pdfpilot.net/guides/how-heic-photo-conversion-works,1970-01-01
https://pdfpilot.net/guides/how-image-watermarking-works,1970-01-01
https://pdfpilot.net/guides/how-json-xml-and-csv-formatting-validation-and-minifying-work,1970-01-01
https://pdfpilot.net/guides/how-pdfpilots-data-format-tools-fit-together,1970-01-01
https://pdfpilot.net/guides/how-text-based-files-convert-to-pdf,1970-01-01
https://pdfpilot.net/guides/understanding-yaml-and-json,1970-01-01
https://pdfpilot.net/heic-to-png,1970-01-01
https://pdfpilot.net/help/can-i-choose-the-image-quality-for-pdf-to-jpg,1970-01-01
https://pdfpilot.net/help/why-are-my-pdf-pages-different-sizes-after-converting-from-jpg,1970-01-01
https://pdfpilot.net/help/why-cant-i-select-text-in-compressed-pdf,1970-01-01
https://pdfpilot.net/help/why-did-i-get-multiple-images-from-one-pdf,1970-01-01
https://pdfpilot.net/hi,1970-01-01
https://pdfpilot.net/hi/add-page-numbers,1970-01-01
https://pdfpilot.net/hi/base64-decode,1970-01-01
https://pdfpilot.net/hi/base64-encode,1970-01-01
https://pdfpilot.net/hi/column-extractor,1970-01-01
https://pdfpilot.net/hi/compare-pdf,1970-01-01
https://pdfpilot.net/hi/compress-image,1970-01-01
https://pdfpilot.net/hi/convert-image,1970-01-01
https://pdfpilot.net/hi/crop-image,1970-01-01
https://pdfpilot.net/hi/crop-pdf,1970-01-01
https://pdfpilot.net/hi/csv-cleaner,1970-01-01
https://pdfpilot.net/hi/csv-formatter,1970-01-01
https://pdfpilot.net/hi/csv-merger,1970-01-01
https://pdfpilot.net/hi/csv-splitter,1970-01-01
https://pdfpilot.net/hi/csv-to-excel,1970-01-01
https://pdfpilot.net/hi/csv-to-markdown-table,1970-01-01
https://pdfpilot.net/hi/csv-to-pdf,1970-01-01
https://pdfpilot.net/hi/csv-to-tsv,1970-01-01
https://pdfpilot.net/hi/csv-to-xml,1970-01-01
https://pdfpilot.net/hi/delete-pages,1970-01-01
https://pdfpilot.net/hi/docx-merge,1970-01-01
https://pdfpilot.net/hi/duplicate-row-remover,1970-01-01
https://pdfpilot.net/hi/edit-pdf,1970-01-01
https://pdfpilot.net/hi/excel-sheet-extractor,1970-01-01
https://pdfpilot.net/hi/excel-sheet-merger,1970-01-01
https://pdfpilot.net/hi/excel-to-csv,1970-01-01
https://pdfpilot.net/hi/excel-to-json,1970-01-01
https://pdfpilot.net/hi/excel-to-pdf,1970-01-01
https://pdfpilot.net/hi/excel-to-tsv,1970-01-01
https://pdfpilot.net/hi/excel-to-xml,1970-01-01
https://pdfpilot.net/hi/extract-pages,1970-01-01
https://pdfpilot.net/hi/fill-pdf,1970-01-01
https://pdfpilot.net/hi/heic-to-jpg,1970-01-01
https://pdfpilot.net/hi/heic-to-png,1970-01-01
https://pdfpilot.net/hi/html-to-markdown,1970-01-01
https://pdfpilot.net/hi/html-to-pdf,1970-01-01
https://pdfpilot.net/hi/html-to-text,1970-01-01
https://pdfpilot.net/hi/image-metadata,1970-01-01
https://pdfpilot.net/hi/jpg-to-pdf,1970-01-01
https://pdfpilot.net/hi/json-diff,1970-01-01
https://pdfpilot.net/hi/json-formatter,1970-01-01
https://pdfpilot.net/hi/json-minifier,1970-01-01
https://pdfpilot.net/hi/json-to-csv,1970-01-01
https://pdfpilot.net/hi/json-to-excel,1970-01-01
https://pdfpilot.net/hi/json-to-sql,1970-01-01
https://pdfpilot.net/hi/json-to-xml,1970-01-01
https://pdfpilot.net/hi/json-to-yaml,1970-01-01
https://pdfpilot.net/hi/json-validator,1970-01-01
https://pdfpilot.net/hi/lock-pdf,1970-01-01
https://pdfpilot.net/hi/markdown-table-to-csv,1970-01-01
https://pdfpilot.net/hi/markdown-to-html,1970-01-01
https://pdfpilot.net/hi/markdown-to-pdf,1970-01-01
https://pdfpilot.net/hi/merge-pdf,1970-01-01
https://pdfpilot.net/hi/ocr-image,1970-01-01
https://pdfpilot.net/hi/ocr-pdf,1970-01-01
https://pdfpilot.net/hi/organize-pdf,1970-01-01
https://pdfpilot.net/hi/pdf-metadata-editor,1970-01-01
https://pdfpilot.net/hi/pdf-to-excel,1970-01-01
https://pdfpilot.net/hi/pdf-to-jpg,1970-01-01
https://pdfpilot.net/hi/pdf-to-pdfa,1970-01-01
https://pdfpilot.net/hi/pdf-to-powerpoint,1970-01-01
https://pdfpilot.net/hi/pdf-to-word,1970-01-01
https://pdfpilot.net/hi/powerpoint-to-pdf,1970-01-01
https://pdfpilot.net/hi/rearrange-pages,1970-01-01
https://pdfpilot.net/hi/repair-pdf,1970-01-01
https://pdfpilot.net/hi/resize-image,1970-01-01
https://pdfpilot.net/hi/rotate-image,1970-01-01
https://pdfpilot.net/hi/rotate-pdf,1970-01-01
https://pdfpilot.net/hi/split-pdf,1970-01-01
https://pdfpilot.net/hi/sql-to-csv,1970-01-01
https://pdfpilot.net/hi/sql-to-json,1970-01-01
https://pdfpilot.net/hi/summary-generator,1970-01-01
https://pdfpilot.net/hi/svg-to-pdf,1970-01-01
https://pdfpilot.net/hi/text-to-html,1970-01-01
https://pdfpilot.net/hi/tsv-to-csv,1970-01-01
https://pdfpilot.net/hi/txt-to-pdf,1970-01-01
https://pdfpilot.net/hi/unlock-pdf,1970-01-01
https://pdfpilot.net/hi/url-decode,1970-01-01
https://pdfpilot.net/hi/url-encode,1970-01-01
https://pdfpilot.net/hi/watermark-pdf,1970-01-01
https://pdfpilot.net/hi/xml-formatter,1970-01-01
https://pdfpilot.net/hi/xml-minifier,1970-01-01
https://pdfpilot.net/hi/xml-to-excel,1970-01-01
https://pdfpilot.net/hi/xml-to-yaml,1970-01-01
https://pdfpilot.net/hi/xml-validator,1970-01-01
https://pdfpilot.net/hi/yaml-to-xml,1970-01-01
https://pdfpilot.net/html-to-markdown,1970-01-01
https://pdfpilot.net/html-to-text,1970-01-01
https://pdfpilot.net/id,1970-01-01
https://pdfpilot.net/id/add-page-numbers,1970-01-01
https://pdfpilot.net/id/column-extractor,1970-01-01
https://pdfpilot.net/id/compress-image,1970-01-01
https://pdfpilot.net/id/crop-image,1970-01-01
https://pdfpilot.net/id/crop-pdf,1970-01-01
https://pdfpilot.net/id/csv-cleaner,1970-01-01
https://pdfpilot.net/id/csv-formatter,1970-01-01
https://pdfpilot.net/id/csv-merger,1970-01-01
https://pdfpilot.net/id/csv-splitter,1970-01-01
https://pdfpilot.net/id/csv-to-excel,1970-01-01
https://pdfpilot.net/id/csv-to-json,1970-01-01
https://pdfpilot.net/id/csv-to-pdf,1970-01-01
https://pdfpilot.net/id/csv-to-sql,1970-01-01
https://pdfpilot.net/id/csv-to-xml,1970-01-01
https://pdfpilot.net/id/duplicate-pages,1970-01-01
https://pdfpilot.net/id/duplicate-row-remover,1970-01-01
https://pdfpilot.net/id/edit-pdf,1970-01-01
https://pdfpilot.net/id/excel-sheet-extractor,1970-01-01
https://pdfpilot.net/id/excel-sheet-merger,1970-01-01
https://pdfpilot.net/id/excel-to-json,1970-01-01
https://pdfpilot.net/id/excel-to-pdf,1970-01-01
https://pdfpilot.net/id/excel-to-xml,1970-01-01
https://pdfpilot.net/id/extract-pages,1970-01-01
https://pdfpilot.net/id/fill-pdf,1970-01-01
https://pdfpilot.net/id/flatten-pdf,1970-01-01
https://pdfpilot.net/id/gabungkan-pdf,1970-01-01
https://pdfpilot.net/id/heic-to-png,1970-01-01
https://pdfpilot.net/id/html-to-markdown,1970-01-01
https://pdfpilot.net/id/html-to-pdf,1970-01-01
https://pdfpilot.net/id/html-to-text,1970-01-01
https://pdfpilot.net/id/image-watermark,1970-01-01
https://pdfpilot.net/id/insert-pages,1970-01-01
https://pdfpilot.net/id/jpg-ke-pdf,1970-01-01
https://pdfpilot.net/id/json-formatter,1970-01-01
https://pdfpilot.net/id/json-minifier,1970-01-01
https://pdfpilot.net/id/json-to-csv,1970-01-01
https://pdfpilot.net/id/json-to-sql,1970-01-01
https://pdfpilot.net/id/json-to-yaml,1970-01-01
https://pdfpilot.net/id/json-validator,1970-01-01
https://pdfpilot.net/id/kompres-pdf,1970-01-01
https://pdfpilot.net/id/lock-pdf,1970-01-01
https://pdfpilot.net/id/markdown-table-to-csv,1970-01-01
https://pdfpilot.net/id/markdown-to-html,1970-01-01
https://pdfpilot.net/id/markdown-to-pdf,1970-01-01
https://pdfpilot.net/id/ocr-image,1970-01-01
https://pdfpilot.net/id/organize-pdf,1970-01-01
https://pdfpilot.net/id/pdf-ke-jpg,1970-01-01
https://pdfpilot.net/id/pdf-metadata-editor,1970-01-01
https://pdfpilot.net/id/pdf-to-pdfa,1970-01-01
https://pdfpilot.net/id/pdf-to-powerpoint,1970-01-01
https://pdfpilot.net/id/pdf-to-word,1970-01-01
https://pdfpilot.net/id/pisahkan-pdf,1970-01-01
https://pdfpilot.net/id/powerpoint-to-pdf,1970-01-01
https://pdfpilot.net/id/rearrange-pages,1970-01-01
https://pdfpilot.net/id/repair-pdf,1970-01-01
https://pdfpilot.net/id/resize-image,1970-01-01
https://pdfpilot.net/id/rotate-image,1970-01-01
https://pdfpilot.net/id/rotate-pdf,1970-01-01
https://pdfpilot.net/id/sql-to-json,1970-01-01
https://pdfpilot.net/id/summary-generator,1970-01-01
https://pdfpilot.net/id/svg-to-pdf,1970-01-01
https://pdfpilot.net/id/text-to-html,1970-01-01
https://pdfpilot.net/id/tsv-to-csv,1970-01-01
https://pdfpilot.net/id/tsv-to-excel,1970-01-01
https://pdfpilot.net/id/txt-to-pdf,1970-01-01
https://pdfpilot.net/id/unlock-pdf,1970-01-01
https://pdfpilot.net/id/url-decode,1970-01-01
https://pdfpilot.net/id/url-encode,1970-01-01
https://pdfpilot.net/id/watermark-pdf,1970-01-01
https://pdfpilot.net/id/word-to-pdf,1970-01-01
https://pdfpilot.net/id/xml-formatter,1970-01-01
https://pdfpilot.net/id/xml-to-csv,1970-01-01
https://pdfpilot.net/id/xml-to-excel,1970-01-01
https://pdfpilot.net/id/xml-validator,1970-01-01
https://pdfpilot.net/id/yaml-to-json,1970-01-01
https://pdfpilot.net/id/yaml-to-xml,1970-01-01
https://pdfpilot.net/image-watermark,1970-01-01
https://pdfpilot.net/industries/accounting-finance,1970-01-01
https://pdfpilot.net/industries/education,1970-01-01
https://pdfpilot.net/industries/hr,1970-01-01
https://pdfpilot.net/industries/legal,1970-01-01
https://pdfpilot.net/industries/real-estate,1970-01-01
https://pdfpilot.net/insert-pages,1970-01-01
https://pdfpilot.net/ja,1970-01-01
https://pdfpilot.net/ja/add-page-numbers,1970-01-01
https://pdfpilot.net/ja/base64-decode,1970-01-01
https://pdfpilot.net/ja/base64-encode,1970-01-01
https://pdfpilot.net/ja/column-extractor,1970-01-01
https://pdfpilot.net/ja/compare-pdf,1970-01-01
https://pdfpilot.net/ja/compress-image,1970-01-01
https://pdfpilot.net/ja/convert-image,1970-01-01
https://pdfpilot.net/ja/crop-image,1970-01-01
https://pdfpilot.net/ja/crop-pdf,1970-01-01
https://pdfpilot.net/ja/csv-cleaner,1970-01-01
https://pdfpilot.net/ja/csv-formatter,1970-01-01
https://pdfpilot.net/ja/csv-splitter,1970-01-01
https://pdfpilot.net/ja/csv-to-excel,1970-01-01
https://pdfpilot.net/ja/csv-to-json,1970-01-01
https://pdfpilot.net/ja/csv-to-markdown-table,1970-01-01
https://pdfpilot.net/ja/csv-to-tsv,1970-01-01
https://pdfpilot.net/ja/csv-to-xml,1970-01-01
https://pdfpilot.net/ja/delete-pages,1970-01-01
https://pdfpilot.net/ja/docx-merge,1970-01-01
https://pdfpilot.net/ja/duplicate-pages,1970-01-01
https://pdfpilot.net/ja/duplicate-row-remover,1970-01-01
https://pdfpilot.net/ja/edit-pdf,1970-01-01
https://pdfpilot.net/ja/excel-sheet-extractor,1970-01-01
https://pdfpilot.net/ja/excel-to-csv,1970-01-01
https://pdfpilot.net/ja/excel-to-json,1970-01-01
https://pdfpilot.net/ja/excel-to-tsv,1970-01-01
https://pdfpilot.net/ja/excel-to-xml,1970-01-01
https://pdfpilot.net/ja/extract-pages,1970-01-01
https://pdfpilot.net/ja/fill-pdf,1970-01-01
https://pdfpilot.net/ja/flatten-pdf,1970-01-01
https://pdfpilot.net/ja/heic-to-jpg,1970-01-01
https://pdfpilot.net/ja/heic-to-png,1970-01-01
https://pdfpilot.net/ja/html-to-markdown,1970-01-01
https://pdfpilot.net/ja/html-to-pdf,1970-01-01
https://pdfpilot.net/ja/image-metadata,1970-01-01
https://pdfpilot.net/ja/image-watermark,1970-01-01
https://pdfpilot.net/ja/insert-pages,1970-01-01
https://pdfpilot.net/ja/json-diff,1970-01-01
https://pdfpilot.net/ja/json-formatter,1970-01-01
https://pdfpilot.net/ja/json-minifier,1970-01-01
https://pdfpilot.net/ja/json-to-csv,1970-01-01
https://pdfpilot.net/ja/json-to-excel,1970-01-01
https://pdfpilot.net/ja/json-to-sql,1970-01-01
https://pdfpilot.net/ja/json-to-yaml,1970-01-01
https://pdfpilot.net/ja/json-validator,1970-01-01
https://pdfpilot.net/ja/lock-pdf,1970-01-01
https://pdfpilot.net/ja/markdown-table-to-csv,1970-01-01
https://pdfpilot.net/ja/markdown-to-html,1970-01-01
https://pdfpilot.net/ja/markdown-to-pdf,1970-01-01
https://pdfpilot.net/ja/ocr-image,1970-01-01
https://pdfpilot.net/ja/ocr-pdf,1970-01-01
https://pdfpilot.net/ja/organize-pdf,1970-01-01
https://pdfpilot.net/ja/pdf-bunkatsu,1970-01-01
https://pdfpilot.net/ja/pdf-jpg-henkan,1970-01-01
https://pdfpilot.net/ja/pdf-ketsugo,1970-01-01
https://pdfpilot.net/ja/pdf-metadata-editor,1970-01-01
https://pdfpilot.net/ja/pdf-to-excel,1970-01-01
https://pdfpilot.net/ja/pdf-to-pdfa,1970-01-01
https://pdfpilot.net/ja/pdf-to-powerpoint,1970-01-01
https://pdfpilot.net/ja/powerpoint-to-pdf,1970-01-01
https://pdfpilot.net/ja/repair-pdf,1970-01-01
https://pdfpilot.net/ja/resize-image,1970-01-01
https://pdfpilot.net/ja/rotate-image,1970-01-01
https://pdfpilot.net/ja/rotate-pdf,1970-01-01
https://pdfpilot.net/ja/scan-pdf,1970-01-01
https://pdfpilot.net/ja/sql-to-csv,1970-01-01
https://pdfpilot.net/ja/summary-generator,1970-01-01
https://pdfpilot.net/ja/svg-to-pdf,1970-01-01
https://pdfpilot.net/ja/text-to-html,1970-01-01
https://pdfpilot.net/ja/tsv-to-excel,1970-01-01
https://pdfpilot.net/ja/txt-to-pdf,1970-01-01
https://pdfpilot.net/ja/url-decode,1970-01-01
https://pdfpilot.net/ja/url-encode,1970-01-01
https://pdfpilot.net/ja/watermark-pdf,1970-01-01
https://pdfpilot.net/ja/word-to-pdf,1970-01-01
https://pdfpilot.net/ja/xml-formatter,1970-01-01
https://pdfpilot.net/ja/xml-to-csv,1970-01-01
https://pdfpilot.net/ja/xml-to-excel,1970-01-01
https://pdfpilot.net/ja/xml-to-yaml,1970-01-01
https://pdfpilot.net/ja/xml-validator,1970-01-01
https://pdfpilot.net/ja/yaml-to-json,1970-01-01
https://pdfpilot.net/ja/yaml-to-xml,1970-01-01
https://pdfpilot.net/json-diff,1970-01-01
https://pdfpilot.net/json-formatter,1970-01-01
https://pdfpilot.net/json-minifier,1970-01-01
https://pdfpilot.net/json-to-excel,1970-01-01
https://pdfpilot.net/json-to-xml,1970-01-01
https://pdfpilot.net/jwt-decode,1970-01-01
https://pdfpilot.net/ko,1970-01-01
https://pdfpilot.net/ko/add-page-numbers,1970-01-01
https://pdfpilot.net/ko/base64-decode,1970-01-01
https://pdfpilot.net/ko/base64-encode,1970-01-01
https://pdfpilot.net/ko/column-extractor,1970-01-01
https://pdfpilot.net/ko/compare-pdf,1970-01-01
https://pdfpilot.net/ko/convert-image,1970-01-01
https://pdfpilot.net/ko/crop-image,1970-01-01
https://pdfpilot.net/ko/csv-formatter,1970-01-01
https://pdfpilot.net/ko/csv-merger,1970-01-01
https://pdfpilot.net/ko/csv-splitter,1970-01-01
https://pdfpilot.net/ko/csv-to-excel,1970-01-01
https://pdfpilot.net/ko/csv-to-json,1970-01-01
https://pdfpilot.net/ko/csv-to-markdown-table,1970-01-01
https://pdfpilot.net/ko/csv-to-pdf,1970-01-01
https://pdfpilot.net/ko/csv-to-sql,1970-01-01
https://pdfpilot.net/ko/csv-to-tsv,1970-01-01
https://pdfpilot.net/ko/csv-to-xml,1970-01-01
https://pdfpilot.net/ko/duplicate-pages,1970-01-01
https://pdfpilot.net/ko/duplicate-row-remover,1970-01-01
https://pdfpilot.net/ko/edit-pdf,1970-01-01
https://pdfpilot.net/ko/excel-sheet-extractor,1970-01-01
https://pdfpilot.net/ko/excel-sheet-merger,1970-01-01
https://pdfpilot.net/ko/excel-to-csv,1970-01-01
https://pdfpilot.net/ko/excel-to-pdf,1970-01-01
https://pdfpilot.net/ko/excel-to-tsv,1970-01-01
https://pdfpilot.net/ko/excel-to-xml,1970-01-01
https://pdfpilot.net/ko/extract-pages,1970-01-01
https://pdfpilot.net/ko/fill-pdf,1970-01-01
https://pdfpilot.net/ko/heic-to-jpg,1970-01-01
https://pdfpilot.net/ko/heic-to-png,1970-01-01
https://pdfpilot.net/ko/html-to-markdown,1970-01-01
https://pdfpilot.net/ko/html-to-pdf,1970-01-01
https://pdfpilot.net/ko/html-to-text,1970-01-01
https://pdfpilot.net/ko/image-metadata,1970-01-01
https://pdfpilot.net/ko/image-watermark,1970-01-01
https://pdfpilot.net/ko/insert-pages,1970-01-01
https://pdfpilot.net/ko/jpg-pdf-byeonhwan,1970-01-01
https://pdfpilot.net/ko/json-diff,1970-01-01
https://pdfpilot.net/ko/json-formatter,1970-01-01
https://pdfpilot.net/ko/json-to-csv,1970-01-01
https://pdfpilot.net/ko/json-to-excel,1970-01-01
https://pdfpilot.net/ko/json-to-sql,1970-01-01
https://pdfpilot.net/ko/json-to-xml,1970-01-01
https://pdfpilot.net/ko/json-to-yaml,1970-01-01
https://pdfpilot.net/ko/json-validator,1970-01-01
https://pdfpilot.net/ko/lock-pdf,1970-01-01
https://pdfpilot.net/ko/markdown-to-html,1970-01-01
https://pdfpilot.net/ko/markdown-to-pdf,1970-01-01
https://pdfpilot.net/ko/ocr-image,1970-01-01
https://pdfpilot.net/ko/ocr-pdf,1970-01-01
https://pdfpilot.net/ko/organize-pdf,1970-01-01
https://pdfpilot.net/ko/pdf-apchuk,1970-01-01
https://pdfpilot.net/ko/pdf-bunhal,1970-01-01
https://pdfpilot.net/ko/pdf-habchigi,1970-01-01
https://pdfpilot.net/ko/pdf-jpg-byeonhwan,1970-01-01
https://pdfpilot.net/ko/pdf-metadata-editor,1970-01-01
https://pdfpilot.net/ko/pdf-to-powerpoint,1970-01-01
https://pdfpilot.net/ko/pdf-to-word,1970-01-01
https://pdfpilot.net/ko/powerpoint-to-pdf,1970-01-01
https://pdfpilot.net/ko/repair-pdf,1970-01-01
https://pdfpilot.net/ko/resize-image,1970-01-01
https://pdfpilot.net/ko/rotate-image,1970-01-01
https://pdfpilot.net/ko/rotate-pdf,1970-01-01
https://pdfpilot.net/ko/scan-pdf,1970-01-01
https://pdfpilot.net/ko/sql-to-csv,1970-01-01
https://pdfpilot.net/ko/sql-to-json,1970-01-01
https://pdfpilot.net/ko/summary-generator,1970-01-01
https://pdfpilot.net/ko/text-to-html,1970-01-01
https://pdfpilot.net/ko/tsv-to-csv,1970-01-01
https://pdfpilot.net/ko/tsv-to-excel,1970-01-01
https://pdfpilot.net/ko/txt-to-pdf,1970-01-01
https://pdfpilot.net/ko/unlock-pdf,1970-01-01
https://pdfpilot.net/ko/url-decode,1970-01-01
https://pdfpilot.net/ko/url-encode,1970-01-01
https://pdfpilot.net/ko/watermark-pdf,1970-01-01
https://pdfpilot.net/ko/xml-to-csv,1970-01-01
https://pdfpilot.net/ko/xml-to-excel,1970-01-01
https://pdfpilot.net/ko/xml-to-json,1970-01-01
https://pdfpilot.net/ko/xml-to-yaml,1970-01-01
https://pdfpilot.net/ko/xml-validator,1970-01-01
https://pdfpilot.net/ko/yaml-to-json,1970-01-01
https://pdfpilot.net/ko/yaml-to-xml,1970-01-01
https://pdfpilot.net/lock-pdf,1970-01-01
https://pdfpilot.net/markdown-table-to-csv,1970-01-01
https://pdfpilot.net/markdown-to-html,1970-01-01
https://pdfpilot.net/markdown-to-pdf,1970-01-01
https://pdfpilot.net/ocr-image,1970-01-01
https://pdfpilot.net/organize-pdf,1970-01-01
https://pdfpilot.net/pdf-to-excel,1970-01-01
https://pdfpilot.net/pdf-to-pdfa,1970-01-01
https://pdfpilot.net/powerpoint-to-pdf,1970-01-01
https://pdfpilot.net/pt-br/add-page-numbers,1970-01-01
https://pdfpilot.net/pt-br/base64-decode,1970-01-01
https://pdfpilot.net/pt-br/base64-encode,1970-01-01
https://pdfpilot.net/pt-br/column-extractor,1970-01-01
https://pdfpilot.net/pt-br/compare-pdf,1970-01-01
https://pdfpilot.net/pt-br/comprimir-pdf,1970-01-01
https://pdfpilot.net/pt-br/convert-image,1970-01-01
https://pdfpilot.net/pt-br/crop-image,1970-01-01
https://pdfpilot.net/pt-br/crop-pdf,1970-01-01
https://pdfpilot.net/pt-br/csv-cleaner,1970-01-01
https://pdfpilot.net/pt-br/csv-formatter,1970-01-01
https://pdfpilot.net/pt-br/csv-merger,1970-01-01
https://pdfpilot.net/pt-br/csv-splitter,1970-01-01
https://pdfpilot.net/pt-br/csv-to-excel,1970-01-01
https://pdfpilot.net/pt-br/csv-to-markdown-table,1970-01-01
https://pdfpilot.net/pt-br/csv-to-pdf,1970-01-01
https://pdfpilot.net/pt-br/csv-to-sql,1970-01-01
https://pdfpilot.net/pt-br/csv-to-tsv,1970-01-01
https://pdfpilot.net/pt-br/csv-to-xml,1970-01-01
https://pdfpilot.net/pt-br/dividir-pdf,1970-01-01
https://pdfpilot.net/pt-br/docx-merge,1970-01-01
https://pdfpilot.net/pt-br/duplicate-pages,1970-01-01
https://pdfpilot.net/pt-br/duplicate-row-remover,1970-01-01
https://pdfpilot.net/pt-br/edit-pdf,1970-01-01
https://pdfpilot.net/pt-br/excel-sheet-extractor,1970-01-01
https://pdfpilot.net/pt-br/excel-sheet-merger,1970-01-01
https://pdfpilot.net/pt-br/excel-to-csv,1970-01-01
https://pdfpilot.net/pt-br/excel-to-json,1970-01-01
https://pdfpilot.net/pt-br/excel-to-pdf,1970-01-01
https://pdfpilot.net/pt-br/excel-to-tsv,1970-01-01
https://pdfpilot.net/pt-br/excel-to-xml,1970-01-01
https://pdfpilot.net/pt-br/extract-pages,1970-01-01
https://pdfpilot.net/pt-br/flatten-pdf,1970-01-01
https://pdfpilot.net/pt-br/heic-to-png,1970-01-01
https://pdfpilot.net/pt-br/html-to-markdown,1970-01-01
https://pdfpilot.net/pt-br/html-to-pdf,1970-01-01
https://pdfpilot.net/pt-br/html-to-text,1970-01-01
https://pdfpilot.net/pt-br/image-metadata,1970-01-01
https://pdfpilot.net/pt-br/image-watermark,1970-01-01
https://pdfpilot.net/pt-br/insert-pages,1970-01-01
https://pdfpilot.net/pt-br/jpg-para-pdf,1970-01-01
https://pdfpilot.net/pt-br/json-diff,1970-01-01
https://pdfpilot.net/pt-br/json-minifier,1970-01-01
https://pdfpilot.net/pt-br/json-to-excel,1970-01-01
https://pdfpilot.net/pt-br/json-to-sql,1970-01-01
https://pdfpilot.net/pt-br/json-to-yaml,1970-01-01
https://pdfpilot.net/pt-br/json-validator,1970-01-01
https://pdfpilot.net/pt-br/juntar-pdf,1970-01-01
https://pdfpilot.net/pt-br/jwt-decode,1970-01-01
https://pdfpilot.net/pt-br/lock-pdf,1970-01-01
https://pdfpilot.net/pt-br/markdown-table-to-csv,1970-01-01
https://pdfpilot.net/pt-br/markdown-to-html,1970-01-01
https://pdfpilot.net/pt-br/markdown-to-pdf,1970-01-01
https://pdfpilot.net/pt-br/ocr-image,1970-01-01
https://pdfpilot.net/pt-br/pdf-metadata-editor,1970-01-01
https://pdfpilot.net/pt-br/pdf-para-jpg,1970-01-01
https://pdfpilot.net/pt-br/pdf-to-pdfa,1970-01-01
https://pdfpilot.net/pt-br/pdf-to-powerpoint,1970-01-01
https://pdfpilot.net/pt-br/pdf-to-word,1970-01-01
https://pdfpilot.net/pt-br/powerpoint-to-pdf,1970-01-01
https://pdfpilot.net/pt-br/rotate-image,1970-01-01
https://pdfpilot.net/pt-br/rotate-pdf,1970-01-01
https://pdfpilot.net/pt-br/scan-pdf,1970-01-01
https://pdfpilot.net/pt-br/sql-to-csv,1970-01-01
https://pdfpilot.net/pt-br/sql-to-json,1970-01-01
https://pdfpilot.net/pt-br/summary-generator,1970-01-01
https://pdfpilot.net/pt-br/svg-to-pdf,1970-01-01
https://pdfpilot.net/pt-br/text-to-html,1970-01-01
https://pdfpilot.net/pt-br/tsv-to-excel,1970-01-01
https://pdfpilot.net/pt-br/txt-to-pdf,1970-01-01
https://pdfpilot.net/pt-br/unlock-pdf,1970-01-01
https://pdfpilot.net/pt-br/url-decode,1970-01-01
https://pdfpilot.net/pt-br/url-encode,1970-01-01
https://pdfpilot.net/pt-br/watermark-pdf,1970-01-01
https://pdfpilot.net/pt-br/word-to-pdf,1970-01-01
https://pdfpilot.net/pt-br/xml-formatter,1970-01-01
https://pdfpilot.net/pt-br/xml-to-csv,1970-01-01
https://pdfpilot.net/pt-br/xml-to-json,1970-01-01
https://pdfpilot.net/pt-br/xml-to-yaml,1970-01-01
https://pdfpilot.net/pt-br/xml-validator,1970-01-01
https://pdfpilot.net/pt-br/yaml-to-json,1970-01-01
https://pdfpilot.net/pt-br/yaml-to-xml,1970-01-01
https://pdfpilot.net/repair-pdf,1970-01-01
https://pdfpilot.net/ru/add-page-numbers,1970-01-01
https://pdfpilot.net/ru/base64-decode,1970-01-01
https://pdfpilot.net/ru/base64-encode,1970-01-01
https://pdfpilot.net/ru/column-extractor,1970-01-01
https://pdfpilot.net/ru/compare-pdf,1970-01-01
https://pdfpilot.net/ru/compress-image,1970-01-01
https://pdfpilot.net/ru/convert-image,1970-01-01
https://pdfpilot.net/ru/csv-cleaner,1970-01-01
https://pdfpilot.net/ru/csv-formatter,1970-01-01
https://pdfpilot.net/ru/csv-merger,1970-01-01
https://pdfpilot.net/ru/csv-splitter,1970-01-01
https://pdfpilot.net/ru/csv-to-json,1970-01-01
https://pdfpilot.net/ru/csv-to-markdown-table,1970-01-01
https://pdfpilot.net/ru/csv-to-pdf,1970-01-01
https://pdfpilot.net/ru/csv-to-sql,1970-01-01
https://pdfpilot.net/ru/csv-to-tsv,1970-01-01
https://pdfpilot.net/ru/csv-to-xml,1970-01-01
https://pdfpilot.net/ru/delete-pages,1970-01-01
https://pdfpilot.net/ru/docx-merge,1970-01-01
https://pdfpilot.net/ru/duplicate-pages,1970-01-01
https://pdfpilot.net/ru/duplicate-row-remover,1970-01-01
https://pdfpilot.net/ru/excel-sheet-extractor,1970-01-01
https://pdfpilot.net/ru/excel-sheet-merger,1970-01-01
https://pdfpilot.net/ru/excel-to-csv,1970-01-01
https://pdfpilot.net/ru/excel-to-json,1970-01-01
https://pdfpilot.net/ru/excel-to-pdf,1970-01-01
https://pdfpilot.net/ru/excel-to-xml,1970-01-01
https://pdfpilot.net/ru/extract-pages,1970-01-01
https://pdfpilot.net/ru/fill-pdf,1970-01-01
https://pdfpilot.net/ru/flatten-pdf,1970-01-01
https://pdfpilot.net/ru/heic-to-jpg,1970-01-01
https://pdfpilot.net/ru/heic-to-png,1970-01-01
https://pdfpilot.net/ru/html-to-markdown,1970-01-01
https://pdfpilot.net/ru/html-to-pdf,1970-01-01
https://pdfpilot.net/ru/html-to-text,1970-01-01
https://pdfpilot.net/ru/image-watermark,1970-01-01
https://pdfpilot.net/ru/insert-pages,1970-01-01
https://pdfpilot.net/ru/jpg-v-pdf,1970-01-01
https://pdfpilot.net/ru/json-diff,1970-01-01
https://pdfpilot.net/ru/json-to-csv,1970-01-01
https://pdfpilot.net/ru/json-to-sql,1970-01-01
https://pdfpilot.net/ru/json-to-xml,1970-01-01
https://pdfpilot.net/ru/jwt-decode,1970-01-01
https://pdfpilot.net/ru/lock-pdf,1970-01-01
https://pdfpilot.net/ru/markdown-table-to-csv,1970-01-01
https://pdfpilot.net/ru/markdown-to-html,1970-01-01
https://pdfpilot.net/ru/markdown-to-pdf,1970-01-01
https://pdfpilot.net/ru/obedinit-pdf,1970-01-01
https://pdfpilot.net/ru/ocr-image,1970-01-01
https://pdfpilot.net/ru/ocr-pdf,1970-01-01
https://pdfpilot.net/ru/organize-pdf,1970-01-01
https://pdfpilot.net/ru/pdf-metadata-editor,1970-01-01
https://pdfpilot.net/ru/pdf-to-pdfa,1970-01-01
https://pdfpilot.net/ru/pdf-to-powerpoint,1970-01-01
https://pdfpilot.net/ru/pdf-to-word,1970-01-01
https://pdfpilot.net/ru/pdf-v-jpg,1970-01-01
https://pdfpilot.net/ru/razdelit-pdf,1970-01-01
https://pdfpilot.net/ru/rearrange-pages,1970-01-01
https://pdfpilot.net/ru/repair-pdf,1970-01-01
https://pdfpilot.net/ru/resize-image,1970-01-01
https://pdfpilot.net/ru/rotate-image,1970-01-01
https://pdfpilot.net/ru/rotate-pdf,1970-01-01
https://pdfpilot.net/ru/scan-pdf,1970-01-01
https://pdfpilot.net/ru/sql-to-csv,1970-01-01
https://pdfpilot.net/ru/sql-to-json,1970-01-01
https://pdfpilot.net/ru/summary-generator,1970-01-01
https://pdfpilot.net/ru/svg-to-pdf,1970-01-01
https://pdfpilot.net/ru/text-to-html,1970-01-01
https://pdfpilot.net/ru/txt-to-pdf,1970-01-01
https://pdfpilot.net/ru/unlock-pdf,1970-01-01
https://pdfpilot.net/ru/url-decode,1970-01-01
https://pdfpilot.net/ru/watermark-pdf,1970-01-01
https://pdfpilot.net/ru/word-to-pdf,1970-01-01
https://pdfpilot.net/ru/xml-formatter,1970-01-01
https://pdfpilot.net/ru/xml-minifier,1970-01-01
https://pdfpilot.net/ru/xml-to-excel,1970-01-01
https://pdfpilot.net/ru/xml-to-json,1970-01-01
https://pdfpilot.net/ru/xml-to-yaml,1970-01-01
https://pdfpilot.net/ru/yaml-to-json,1970-01-01
https://pdfpilot.net/ru/yaml-to-xml,1970-01-01
https://pdfpilot.net/scan-pdf,1970-01-01
https://pdfpilot.net/sql-to-json,1970-01-01
https://pdfpilot.net/summary-generator,1970-01-01
https://pdfpilot.net/svg-to-pdf,1970-01-01
https://pdfpilot.net/tsv-to-csv,1970-01-01
https://pdfpilot.net/tsv-to-excel,1970-01-01
https://pdfpilot.net/txt-to-pdf,1970-01-01
https://pdfpilot.net/url-decode,1970-01-01
https://pdfpilot.net/url-encode,1970-01-01
https://pdfpilot.net/use-cases/combine-bank-statements-into-one-pdf,1970-01-01
https://pdfpilot.net/use-cases/compress-a-resume-for-email,1970-01-01
https://pdfpilot.net/use-cases/merge-invoices-into-one-pdf,1970-01-01
https://pdfpilot.net/use-cases/prepare-a-spreadsheet-export-for-a-data-import,1970-01-01
https://pdfpilot.net/use-cases/prepare-api-json-data-for-a-non-technical-teammate,1970-01-01
https://pdfpilot.net/use-cases/prepare-documents-for-printing,1970-01-01
https://pdfpilot.net/use-cases/prepare-iphone-photos-for-a-website,1970-01-01
https://pdfpilot.net/use-cases/turn-handwritten-notes-into-searchable-text,1970-01-01
https://pdfpilot.net/use-cases/watermark-photos-before-sharing-proofs,1970-01-01
https://pdfpilot.net/watermark-pdf,1970-01-01
https://pdfpilot.net/xml-to-csv,1970-01-01
https://pdfpilot.net/xml-to-json,1970-01-01
https://pdfpilot.net/xml-validator,1970-01-01
https://pdfpilot.net/yaml-to-json,1970-01-01
https://pdfpilot.net/zh-cn,1970-01-01
https://pdfpilot.net/zh-cn/base64-decode,1970-01-01
https://pdfpilot.net/zh-cn/base64-encode,1970-01-01
https://pdfpilot.net/zh-cn/chaifen-pdf,1970-01-01
https://pdfpilot.net/zh-cn/column-extractor,1970-01-01
https://pdfpilot.net/zh-cn/compress-image,1970-01-01
https://pdfpilot.net/zh-cn/convert-image,1970-01-01
https://pdfpilot.net/zh-cn/crop-pdf,1970-01-01
https://pdfpilot.net/zh-cn/csv-cleaner,1970-01-01
https://pdfpilot.net/zh-cn/csv-formatter,1970-01-01
https://pdfpilot.net/zh-cn/csv-merger,1970-01-01
https://pdfpilot.net/zh-cn/csv-splitter,1970-01-01
https://pdfpilot.net/zh-cn/csv-to-excel,1970-01-01
https://pdfpilot.net/zh-cn/csv-to-json,1970-01-01
https://pdfpilot.net/zh-cn/csv-to-markdown-table,1970-01-01
https://pdfpilot.net/zh-cn/csv-to-pdf,1970-01-01
https://pdfpilot.net/zh-cn/csv-to-sql,1970-01-01
https://pdfpilot.net/zh-cn/csv-to-tsv,1970-01-01
https://pdfpilot.net/zh-cn/csv-to-xml,1970-01-01
https://pdfpilot.net/zh-cn/delete-pages,1970-01-01
https://pdfpilot.net/zh-cn/duplicate-pages,1970-01-01
https://pdfpilot.net/zh-cn/duplicate-row-remover,1970-01-01
https://pdfpilot.net/zh-cn/edit-pdf,1970-01-01
https://pdfpilot.net/zh-cn/excel-sheet-extractor,1970-01-01
https://pdfpilot.net/zh-cn/excel-sheet-merger,1970-01-01
https://pdfpilot.net/zh-cn/excel-to-csv,1970-01-01
https://pdfpilot.net/zh-cn/excel-to-json,1970-01-01
https://pdfpilot.net/zh-cn/excel-to-tsv,1970-01-01
https://pdfpilot.net/zh-cn/excel-to-xml,1970-01-01
https://pdfpilot.net/zh-cn/extract-pages,1970-01-01
https://pdfpilot.net/zh-cn/fill-pdf,1970-01-01
https://pdfpilot.net/zh-cn/flatten-pdf,1970-01-01
https://pdfpilot.net/zh-cn/heic-to-jpg,1970-01-01
https://pdfpilot.net/zh-cn/html-to-markdown,1970-01-01
https://pdfpilot.net/zh-cn/html-to-pdf,1970-01-01
https://pdfpilot.net/zh-cn/html-to-text,1970-01-01
https://pdfpilot.net/zh-cn/image-metadata,1970-01-01
https://pdfpilot.net/zh-cn/image-watermark,1970-01-01
https://pdfpilot.net/zh-cn/insert-pages,1970-01-01
https://pdfpilot.net/zh-cn/jpg-zhuan-pdf,1970-01-01
https://pdfpilot.net/zh-cn/json-diff,1970-01-01
https://pdfpilot.net/zh-cn/json-formatter,1970-01-01
https://pdfpilot.net/zh-cn/json-minifier,1970-01-01
https://pdfpilot.net/zh-cn/json-to-sql,1970-01-01
https://pdfpilot.net/zh-cn/json-to-xml,1970-01-01
https://pdfpilot.net/zh-cn/json-to-yaml,1970-01-01
https://pdfpilot.net/zh-cn/json-validator,1970-01-01
https://pdfpilot.net/zh-cn/lock-pdf,1970-01-01
https://pdfpilot.net/zh-cn/markdown-to-html,1970-01-01
https://pdfpilot.net/zh-cn/ocr-image,1970-01-01
https://pdfpilot.net/zh-cn/ocr-pdf,1970-01-01
https://pdfpilot.net/zh-cn/pdf-to-pdfa,1970-01-01
https://pdfpilot.net/zh-cn/pdf-to-powerpoint,1970-01-01
https://pdfpilot.net/zh-cn/pdf-to-word,1970-01-01
https://pdfpilot.net/zh-cn/pdf-zhuan-jpg,1970-01-01
https://pdfpilot.net/zh-cn/powerpoint-to-pdf,1970-01-01
https://pdfpilot.net/zh-cn/rearrange-pages,1970-01-01
https://pdfpilot.net/zh-cn/repair-pdf,1970-01-01
https://pdfpilot.net/zh-cn/resize-image,1970-01-01
https://pdfpilot.net/zh-cn/rotate-image,1970-01-01
https://pdfpilot.net/zh-cn/rotate-pdf,1970-01-01
https://pdfpilot.net/zh-cn/sql-to-csv,1970-01-01
https://pdfpilot.net/zh-cn/sql-to-json,1970-01-01
https://pdfpilot.net/zh-cn/summary-generator,1970-01-01
https://pdfpilot.net/zh-cn/svg-to-pdf,1970-01-01
https://pdfpilot.net/zh-cn/text-to-html,1970-01-01
https://pdfpilot.net/zh-cn/tsv-to-excel,1970-01-01
https://pdfpilot.net/zh-cn/unlock-pdf,1970-01-01
https://pdfpilot.net/zh-cn/url-decode,1970-01-01
https://pdfpilot.net/zh-cn/url-encode,1970-01-01
https://pdfpilot.net/zh-cn/watermark-pdf,1970-01-01
https://pdfpilot.net/zh-cn/word-to-pdf,1970-01-01
https://pdfpilot.net/zh-cn/xml-minifier,1970-01-01
https://pdfpilot.net/zh-cn/xml-to-excel,1970-01-01
https://pdfpilot.net/zh-cn/xml-to-json,1970-01-01
https://pdfpilot.net/zh-cn/xml-to-yaml,1970-01-01
https://pdfpilot.net/zh-cn/yaml-to-json,1970-01-01
https://pdfpilot.net/zh-cn/yaml-to-xml,1970-01-01
https://pdfpilot.net/zh-cn/yasuo-pdf,1970-01-01