"tool","slug","title","description","input","output","preset","samples","facts","checks","question","answer","tags","legacy"
"jpg-to-pdf","a4-portrait","JPG to A4 PDF — portrait","Place JPG or PNG images on portrait A4 pages with a 10 mm margin. Reorder your images and convert them here.","JPG / PNG images","One A4 PDF","{""pageSize"":""a4"",""orientation"":""portrait"",""margin"":""small"",""merge"":true}","[""portrait.jpg"",""landscape.jpg""]","[[""Page size"",""210 × 297 mm""],[""Starting margin"",""10 mm on each edge""],[""Image placement"",""Centered, fitted without cropping""],[""Download"",""One PDF, one image per page""]]","[""Both pages must be portrait A4, even when a source image is landscape."",""The entire source image should be visible; a wide image will have extra space above and below.""]","Will a landscape photo be cropped to fill A4?","No. It is scaled to fit inside the margins. The image proportions stay intact, so unused white space is expected.","[""a4"",""portrait"",""print"",""jpg"",""jpeg""]","jpg-images-to-a4-pdf"
"jpg-to-pdf","a4-landscape","JPG to A4 PDF — landscape","Convert wide JPG and PNG images to landscape A4 PDF pages. The landscape page size and 10 mm margins are already selected.","JPG / PNG images","One landscape A4 PDF","{""pageSize"":""a4"",""orientation"":""landscape"",""margin"":""small"",""merge"":true}","[""landscape.jpg""]","[[""Page size"",""297 × 210 mm""],[""Starting margin"",""10 mm on each edge""],[""Best fit"",""Wide pictures and diagrams""],[""Download"",""One PDF, one image per page""]]","[""Page width should be greater than its height."",""Labels near the left and right image edges should remain visible.""]","Does landscape mode rotate the picture?","It changes the PDF page orientation, not the picture itself. Use Rotate on the image card if the source image needs a quarter turn.","[""a4"",""landscape"",""wide"",""print""]",""
"jpg-to-pdf","letter-portrait","JPG to Letter PDF — portrait","Make an 8.5 × 11 inch PDF from JPG and PNG images. Start with portrait Letter pages and a small printable margin.","JPG / PNG images","One Letter PDF","{""pageSize"":""letter"",""orientation"":""portrait"",""margin"":""small"",""merge"":true}","[""portrait.jpg""]","[[""Page size"",""8.5 × 11 inches / 612 × 792 pt""],[""Starting margin"",""10 mm on each edge""],[""Orientation"",""Portrait for every image""],[""Download"",""One PDF""]]","[""Your PDF reader should report Letter, not A4."",""Choose actual size in your printer if you do not want an additional print scaling step.""]","Is Letter the same size as A4?","No. Letter is 8.5 × 11 inches. A4 is 210 × 297 mm. This template selects Letter explicitly.","[""letter"",""portrait"",""print"",""us""]","jpg-images-to-letter-pdf"
"jpg-to-pdf","letter-landscape","JPG to Letter PDF — landscape","Place wide images on 11 × 8.5 inch PDF pages. Convert on this page with landscape Letter settings already applied.","JPG / PNG images","One landscape Letter PDF","{""pageSize"":""letter"",""orientation"":""landscape"",""margin"":""small"",""merge"":true}","[""landscape.jpg""]","[[""Page size"",""11 × 8.5 inches / 792 × 612 pt""],[""Starting margin"",""10 mm on each edge""],[""Image placement"",""Fit, never stretched""],[""Download"",""One PDF""]]","[""The page should measure 792 × 612 PDF points."",""A portrait image should keep its shape with unused space on its sides.""]","Can portrait and landscape pictures share this PDF?","Yes. Every page uses landscape Letter, while each image keeps its original proportions. Reorder the cards before converting.","[""letter"",""landscape"",""wide"",""us""]",""
"jpg-to-pdf","image-size","JPG to PDF at image size","Create PDF pages that follow each image’s dimensions instead of forcing A4 or Letter. No additional margin is selected.","JPG / PNG images","One mixed-size PDF","{""pageSize"":""fit"",""orientation"":""auto"",""margin"":""none"",""merge"":true}","[""portrait.jpg"",""landscape.jpg""]","[[""Page dimensions"",""Image pixels × 0.75 PDF points""],[""Starting margin"",""None""],[""Orientation"",""Automatic, from each image""],[""Example"",""600 × 900 px becomes 450 × 675 pt""]]","[""The two sample pages should have different shapes."",""No extra border should be added outside the source image.""]","Does image size preserve the photo’s physical DPI metadata?","No. The converter uses 0.75 PDF points per pixel, equivalent to 96 pixels per inch. Very large pages are scaled to the PDF size limit. The source pixel dimensions determine the page shape.","[""original size"",""fit"",""no margin"",""mixed size""]",""
"jpg-to-pdf","a4-wide-margins","JPG to A4 PDF with wide margins","Leave room around each image for notes or binding. This template starts with portrait A4 and 20 mm margins.","JPG / PNG images","One A4 PDF with wide margins","{""pageSize"":""a4"",""orientation"":""portrait"",""margin"":""big"",""merge"":true}","[""portrait.jpg""]","[[""Page size"",""210 × 297 mm""],[""Starting margin"",""20 mm on each edge""],[""Image area"",""Fits within approximately 170 × 257 mm""],[""Download"",""One PDF""]]","[""The visible border should be wider than the standard A4 template."",""Image edges and the full picture should remain inside the white margin.""]","Can I change the margins after adding images?","Yes. The template supplies starting settings. Choose None, Small or Big in the workspace before converting; the PDF uses your final selection.","[""a4"",""wide margins"",""notes"",""binding""]",""
"jpg-to-pdf","transparent-png","Transparent PNG to PDF","Put a PNG with transparent areas onto an image-sized PDF page. Try the transparent sample or choose your own PNG.","PNG images with alpha transparency","One image-sized PDF","{""pageSize"":""fit"",""orientation"":""auto"",""margin"":""none"",""merge"":true}","[""transparent.png""]","[[""Input"",""PNG with an alpha channel""],[""Page size"",""Follows image dimensions""],[""Transparency"",""Embedded in the PDF image""],[""Viewer appearance"",""Transparent areas usually look white""]]","[""The sample’s colored shapes should not gain a black background."",""Check the PNG edges in the downloaded PDF at a high zoom.""]","Why does the transparent area look white in my PDF reader?","Most readers display the PDF page on a white canvas. The embedded PNG can still contain transparency; a white viewer background does not imply that the image was flattened to black or white.","[""png"",""transparent"",""alpha"",""image""]","png-transparency-to-pdf"
"jpg-to-pdf","separate-files","Convert images to separate PDF files","Get one PDF for each image, packaged in a ZIP. Combining images is turned off in this template.","Multiple JPG / PNG images","ZIP containing individual PDFs","{""pageSize"":""fit"",""orientation"":""auto"",""margin"":""none"",""merge"":false}","[""portrait.jpg"",""landscape.jpg""]","[[""Combine images"",""Off""],[""Page size"",""Follows each source image""],[""With two inputs"",""Two PDFs inside one ZIP""],[""With one input"",""A single PDF, not a ZIP""]]","[""The sample download should contain two PDFs, not a combined two-page PDF."",""Check each PDF filename and page shape after extracting the ZIP.""]","Does this split an existing PDF?","No. This template takes image files and makes a separate PDF for each one. Use Split PDF for an existing multi-page PDF.","[""batch"",""zip"",""individual"",""separate""]","images-to-separate-pdf-files"
"word-to-pdf","tables","Word tables to PDF","Convert a DOCX table using the browser-local Word renderer. Try a sample with a five-row table and a clickable link before using your document.","DOCX with tables","Visual PDF with supported links","","[""table.docx""]","[[""Sample"",""One document with 5 table rows including the header""],[""Page setup"",""Read from the DOCX""],[""Rendering"",""Visual pages; text is not selectable""],[""Links"",""Supported safe links become PDF annotations""]]","[""Verify all five sample table rows and both columns."",""Open the documentation link in the downloaded PDF and compare the table borders.""]","Will very large table rows always fit?","No. Rows taller than a page and other unsupported content can stop conversion. Break an oversized row into smaller rows, or use the document editor’s PDF export. Always compare page breaks.","[""docx"",""table"",""rows"",""links""]","docx-tables-to-pdf"
"word-to-pdf","embedded-images","Word with images to PDF","Convert a DOCX containing embedded pictures to a visual PDF. Use the sample to check the illustration, caption and image edges.","DOCX with embedded images","Visual PDF","","[""illustrated.docx""]","[[""Sample"",""An embedded PNG illustration and caption""],[""Images"",""Stored inside the DOCX, not remote URLs""],[""Page size"",""Read from the document""],[""Rendering"",""Image-based PDF pages""]]","[""The teal rectangle and orange circle should both appear."",""Check the caption and the full picture, including the right-hand edge.""]","Can the converter fetch linked images from the internet?","No. Remote images are blocked to keep conversion private and predictable. Embed the image in your Word file first; unsupported content produces an error rather than a text-only fallback.","[""docx"",""images"",""pictures"",""embedded""]","docx-embedded-images-to-pdf"
"word-to-pdf","landscape-document","Landscape Word document to PDF","Convert a landscape DOCX while reading its page dimensions and margins. Try the wide table sample and inspect the resulting page.","Landscape DOCX","Landscape visual PDF","","[""landscape.docx""]","[[""Sample page"",""Landscape A4""],[""Sample content"",""Four-column planning table""],[""Page size control"",""Change it in Word before conversion""],[""Rendering"",""Uses source document geometry""]]","[""The sample PDF must be wider than it is tall."",""Confirm the fourth table column is visible and compare left and right margins.""]","Does this turn a portrait document into landscape?","No. It respects the DOCX page setup. Change orientation in your document editor first. Rotating a PDF page is different from reflowing the document into a landscape layout.","[""docx"",""landscape"",""wide table"",""page setup""]",""
"word-to-pdf","google-docs-export","Google Docs DOCX export to PDF","Download your Google Doc as a DOCX, then convert that local file here. No Google account connection or shared-document URL is needed.","DOCX downloaded from Google Docs","Visual PDF","","[""table.docx""]","[[""First step"",""In Google Docs: File → Download → Microsoft Word (.docx)""],[""Then"",""Choose the downloaded DOCX here""],[""Sample"",""PDFPilot-created DOCX, not a Google Docs export""],[""Connection"",""No access to your Google account""]]","[""Compare the output against the original Google Doc, including image placement and page breaks."",""For exact Google Docs layout, compare with Google Docs’ own PDF download.""]","Can I paste a Google Docs sharing link here?","No. This browser-only template requires a local DOCX file. It does not open private Google Docs links or connect your Google Drive. You can also use Google Docs’ direct PDF export.","[""google docs"",""docx"",""download"",""export""]","google-docs-docx-to-pdf"
"word-to-pdf","batch-documents","Batch Word to PDF","Convert several DOCX documents in one session and download their PDFs in a ZIP. Try two different sample documents together.","Multiple DOCX files","ZIP with one PDF per document","","[""table.docx"",""illustrated.docx""]","[[""Sample batch"",""Two DOCX documents""],[""Processing"",""One document at a time in your browser""],[""Output"",""Two separate PDFs in a ZIP""],[""Per-file limit"",""100 MB""]]","[""Extract the ZIP and verify that both sample documents have their own PDF."",""Check the table document and the illustrated document independently.""]","Does batch conversion merge Word documents?","No. Each DOCX becomes its own PDF. The ZIP is only a download package. To combine the converted PDFs, use Merge PDF afterward.","[""docx"",""batch"",""zip"",""multiple""]","batch-docx-to-pdf"
"powerpoint-to-pdf","widescreen","Widescreen PowerPoint to PDF","Convert a 16:9 PPTX to PDF without forcing its slides onto A4. Try a two-slide widescreen sample with text, shapes and a table.","16:9 PPTX presentation","One PDF page per slide","","[""widescreen.pptx""]","[[""Sample size"",""13⅓ × 7½ inches, 16:9""],[""Sample slides"",""2""],[""PDF page size"",""960 × 540 pt for the sample""],[""Slide order"",""Follows the presentation""]]","[""The sample should produce two pages with a 16:9 aspect ratio."",""Compare the illustration and the table on the second slide.""]","Can I set the PDF to 16:9 if my PPTX is 4:3?","Not here. The converter reads the original slide size. Change Slide Size in PowerPoint before conversion if you want a different aspect ratio; then check the adjusted source layout.","[""pptx"",""16:9"",""widescreen"",""slides""]","pptx-widescreen-to-pdf"
"powerpoint-to-pdf","standard-slides","Standard 4:3 PowerPoint to PDF","Keep the source dimensions of a standard 4:3 presentation when exporting to PDF. Try the two-slide 4:3 sample here.","4:3 PPTX presentation","One PDF page per slide","","[""standard.pptx""]","[[""Sample size"",""10 × 7½ inches, 4:3""],[""Sample slides"",""2""],[""PDF page size"",""720 × 540 pt for the sample""],[""Fonts"",""May be substituted by the browser renderer""]]","[""Both sample pages should measure 720 × 540 PDF points."",""Compare line wrapping and all text near the slide edges.""]","Will the PDF use the exact original fonts?","Not always. Supported text is rendered, but fonts may be substituted and line wrapping can differ. Use PowerPoint’s own PDF export when exact typography is required.","[""pptx"",""4:3"",""standard"",""fonts""]",""
"powerpoint-to-pdf","vector-drawings","PowerPoint drawings to PDF","Convert supported PowerPoint vector shapes and text to PDF. Try an original sample diagram with outlined rooms, a circle and labels.","PPTX with supported vector drawings","PDF with vector paths","","[""drawings.pptx""]","[[""Sample"",""One slide with outlined shapes and text""],[""Vector output"",""Supported shapes become PDF drawing operations""],[""Zoom check"",""Inspect lines at 400% or higher""],[""Not supported"",""Charts, SmartArt and unsupported Office content""]]","[""Check that all three labeled shapes and their outlines appear."",""Zoom into the diagram and compare the line positions with the original presentation.""]","Will every CAD or Office drawing convert?","No. Supported vectors are preserved, but not every embedded object or drawing format is supported. Unsupported content stops conversion with an error. For exact CAD or PowerPoint rendering, use the source application’s PDF export.","[""pptx"",""drawing"",""vector"",""diagram""]","pptx-vector-drawings-to-pdf"
"powerpoint-to-pdf","batch-presentations","Batch PowerPoint to PDF","Convert several PPTX presentations in your browser and download a ZIP of PDFs. Try mixed 16:9 and 4:3 presentations in one batch.","Multiple PPTX files","ZIP with one PDF per presentation","","[""widescreen.pptx"",""standard.pptx""]","[[""Sample batch"",""Two presentations, four slides in total""],[""Download"",""Two separate PDFs inside one ZIP""],[""Slide dimensions"",""Each presentation keeps its own size""],[""Per-file limit"",""100 MB""]]","[""The ZIP should contain a two-page widescreen PDF and a two-page standard PDF."",""Confirm that slide sizes have not been normalized to the same aspect ratio.""]","Does this combine all presentations into one PDF?","No. Each presentation remains a separate PDF inside the ZIP. Use Merge PDF afterward if you want a single file; different page sizes may remain in the combined PDF.","[""pptx"",""batch"",""zip"",""multiple""]",""
